id,upload_date,title,duration,view_count,like_count,subtitle_lang,word_count,url,transcript_file
LLiqDpPsqEI,2017-03-16,Торговые идеи на 16.03.2017 MOEX,05:52,463,20,ru-orig,629,https://www.youtube.com/watch?v=LLiqDpPsqEI,transcripts/2017-03-16_LLiqDpPsqEI_torgovye-idei-na-16-03-2017-moex.txt
BfnpzV-QNKE,2017-03-17,Отработка торговых идей от 16.03.2017,13:30,351,13,ru-orig,1293,https://www.youtube.com/watch?v=BfnpzV-QNKE,transcripts/2017-03-17_BfnpzV-QNKE_otrabotka-torgovyh-idey-ot-16-03-2017.txt
pLLj-lKPYys,2017-03-20,Торговая идея: Аэрофлот от 20.03.2017,15:20,165,5,ru-orig,1548,https://www.youtube.com/watch?v=pLLj-lKPYys,transcripts/2017-03-20_pLLj-lKPYys_torgovaya-ideya-aeroflot-ot-20-03-2017.txt
fFbBqydVe04,2017-03-21,Торгую SI и BR от 21 03 2017,11:33,236,10,ru-orig,1237,https://www.youtube.com/watch?v=fFbBqydVe04,transcripts/2017-03-21_fFbBqydVe04_torguyu-si-i-br-ot-21-03-2017.txt
GaDWx5wN4JA,2017-03-22,"Итоги торговых идей GOLD, SI, BR от 22 03 2017",11:13,261,19,ru-orig,1093,https://www.youtube.com/watch?v=GaDWx5wN4JA,transcripts/2017-03-22_GaDWx5wN4JA_itogi-torgovyh-idey-gold-si-br-ot-22-03-2017.txt
IH8F4xiUYPE,2017-03-23,Роснефть в игре от 23 03 2017,09:37,128,7,ru-orig,1068,https://www.youtube.com/watch?v=IH8F4xiUYPE,transcripts/2017-03-23_IH8F4xiUYPE_rosneft-v-igre-ot-23-03-2017.txt
2f91b5KwrOU,2017-03-30,Держим лонги по BR от 30 03 2017,14:51,486,21,ru-orig,1769,https://www.youtube.com/watch?v=2f91b5KwrOU,transcripts/2017-03-30_2f91b5KwrOU_derzhim-longi-po-br-ot-30-03-2017.txt
9HplhyaL9vM,2017-03-31,"Держим лонги по BR, прибыль уже 1 к 12",10:40,2054,57,ru-orig,1220,https://www.youtube.com/watch?v=9HplhyaL9vM,transcripts/2017-03-31_9HplhyaL9vM_derzhim-longi-po-br-pribyl-uzhe-1-k-12.txt
FS5AkKIi4CE,2017-03-31,"Как рынок ""слизал"" мой стоп по Сбербанку",07:12,662,26,ru-orig,829,https://www.youtube.com/watch?v=FS5AkKIi4CE,transcripts/2017-03-31_FS5AkKIi4CE_kak-rynok-slizal-moy-stop-po-sberbanku.txt
jlbIevYfWaY,2017-04-03,Нефть 1 к 21,01:05,282,7,ru-orig,168,https://www.youtube.com/watch?v=jlbIevYfWaY,transcripts/2017-04-03_jlbIevYfWaY_neft-1-k-21.txt
F5p-NRUx5bc,2017-04-06,4рекомендации = 4тейка,24:06,3695,121,ru-orig,2901,https://www.youtube.com/watch?v=F5p-NRUx5bc,transcripts/2017-04-06_F5p-NRUx5bc_4rekomendatsii-4teyka.txt
Dw9yrmfMbGY,2017-04-07,+5%  депозиту,03:38,549,25,ru-orig,507,https://www.youtube.com/watch?v=Dw9yrmfMbGY,transcripts/2017-04-07_Dw9yrmfMbGY_5-depozitu.txt
xAOEuhe4iqM,2017-04-07,Сила VSA и никакого мошенничества,12:00,3195,81,ru-orig,1596,https://www.youtube.com/watch?v=xAOEuhe4iqM,transcripts/2017-04-07_xAOEuhe4iqM_sila-vsa-i-nikakogo-moshennichestva.txt
b2xDKN-qzZo,2017-04-11,"Откаты RTS,SBER,SI от 11 04",08:29,329,19,ru-orig,997,https://www.youtube.com/watch?v=b2xDKN-qzZo,transcripts/2017-04-11_b2xDKN-qzZo_otkaty-rts-sber-si-ot-11-04.txt
R73wTdApUio,2017-04-14,ВопросОтвет_001_ Николая Степанова от 14 04 2017,37:18,1948,,ru-orig,4603,https://www.youtube.com/watch?v=R73wTdApUio,transcripts/2017-04-14_R73wTdApUio_voprosotvet-001-nikolaya-stepanova-ot-14-04-2017.txt
SNkTIb4XTk4,2017-04-14,Переоценка рынка от 14 04,20:19,891,43,ru-orig,2461,https://www.youtube.com/watch?v=SNkTIb4XTk4,transcripts/2017-04-14_SNkTIb4XTk4_pereotsenka-rynka-ot-14-04.txt
mvxoeGExvKU,2017-04-19,ВопросОтвет_002_ Николая Степанова от 19 04,14:09,1096,,ru-orig,1731,https://www.youtube.com/watch?v=mvxoeGExvKU,transcripts/2017-04-19_mvxoeGExvKU_voprosotvet-002-nikolaya-stepanova-ot-19-04.txt
qqvBGNwazC8,2017-04-24,TrueConf Online,04:03,6190,,ru-orig,366,https://www.youtube.com/watch?v=qqvBGNwazC8,transcripts/2017-04-24_qqvBGNwazC8_trueconf-online.txt
EA5qAl29rtg,2017-04-24,"ВопросОтвет_003_ Артема Селюнина, эмитент MCXMM",04:38,692,,ru-orig,488,https://www.youtube.com/watch?v=EA5qAl29rtg,transcripts/2017-04-24_EA5qAl29rtg_voprosotvet-003-artema-selyunina-emitent-mcxmm.txt
6XqLj57_6zY,2017-05-02,ВопросОтвет_004_ Николая Степанова 02.05.2017,06:43,764,,ru-orig,761,https://www.youtube.com/watch?v=6XqLj57_6zY,transcripts/2017-05-02_6XqLj57_6zY_voprosotvet-004-nikolaya-stepanova-02-05-2017.txt
bUFQ-OkErwg,2017-05-18,ВопросОтвет_005_ Николая Степанова от 18 05 2017,12:16,1128,,ru-orig,1389,https://www.youtube.com/watch?v=bUFQ-OkErwg,transcripts/2017-05-18_bUFQ-OkErwg_voprosotvet-005-nikolaya-stepanova-ot-18-05-2017.txt
0JGi2FLcwqU,2017-05-18,Настройка программы Xtick,23:53,22532,,ru-orig,2758,https://www.youtube.com/watch?v=0JGi2FLcwqU,transcripts/2017-05-18_0JGi2FLcwqU_nastroyka-programmy-xtick.txt
-xTefAdM5A8,2017-05-24,ВопросОтвет_006_ Николая Степанова от 24 05 2017,11:52,1505,,ru-orig,1309,https://www.youtube.com/watch?v=-xTefAdM5A8,transcripts/2017-05-24_-xTefAdM5A8_voprosotvet-006-nikolaya-stepanova-ot-24-05-2017.txt
-4iEHPS2Eh0,2017-05-29,Сигнал JOC ( jump over creek )  пробой уровня,13:29,15653,412,ru-orig,1582,https://www.youtube.com/watch?v=-4iEHPS2Eh0,transcripts/2017-05-29_-4iEHPS2Eh0_signal-joc-jump-over-creek-proboy-urovnya.txt
tpizIahBjcU,2017-06-14,Сигнал SOT ( shorting of thrust ) продажа попытки,12:49,20000,474,ru-orig,1562,https://www.youtube.com/watch?v=tpizIahBjcU,transcripts/2017-06-14_tpizIahBjcU_signal-sot-shorting-of-thrust-prodazha-popytki.txt
aX19q-jyFyk,2017-07-05,Движение цены в виде NR ( Normal Reaction ) нормальной реакции,20:31,13292,451,ru-orig,2275,https://www.youtube.com/watch?v=aX19q-jyFyk,transcripts/2017-07-05_aX19q-jyFyk_dvizhenie-tseny-v-vide-nr-normal-reaction-normalnoy-reaktsii.txt
ZcKU9oHfmHg,2017-07-20,Природа формирования сигналов VSA. Какова смысловая нагрузка этой фразы.,04:50,4343,125,ru-orig,612,https://www.youtube.com/watch?v=ZcKU9oHfmHg,transcripts/2017-07-20_ZcKU9oHfmHg_priroda-formirovaniya-signalov-vsa-kakova-smyslovaya-nagruzk.txt
voHtkyuWEg4,2017-07-26,Сигнал BTC ( Back to creek ) возвращение к уровню creek,19:40,12413,341,ru-orig,2325,https://www.youtube.com/watch?v=voHtkyuWEg4,transcripts/2017-07-26_voHtkyuWEg4_signal-btc-back-to-creek-vozvraschenie-k-urovnyu-creek.txt
99gFt_rwfCw,2017-08-05,Алгоритм сигналов  VSA часть 1,08:40,9765,180,ru-orig,1140,https://www.youtube.com/watch?v=99gFt_rwfCw,transcripts/2017-08-05_99gFt_rwfCw_algoritm-signalov-vsa-chast-1.txt
XPXMMFGdUOA,2017-08-07,Алгоритм сигналов  VSA часть 2,03:12,5203,113,ru-orig,418,https://www.youtube.com/watch?v=XPXMMFGdUOA,transcripts/2017-08-07_XPXMMFGdUOA_algoritm-signalov-vsa-chast-2.txt
8pHp1fX_JjY,2017-09-08,Сигнал UT ( Up-Thrust  ) ложный пробой,27:31,19625,541,ru-orig,3106,https://www.youtube.com/watch?v=8pHp1fX_JjY,transcripts/2017-09-08_8pHp1fX_JjY_signal-ut-up-thrust-lozhnyy-proboy.txt
NQMOZeRk470,2017-10-15,"#001 Тренировки в ЗКТ ""Подполье трейдера"": индивидуальные тренировки",03:39,5747,,ru-orig,363,https://www.youtube.com/watch?v=NQMOZeRk470,transcripts/2017-10-15_NQMOZeRk470_001-trenirovki-v-zkt-podpole-treydera-individualnye-trenirov.txt
G1SYU1F5mXc,2017-10-20,"#002 Тренировки в ЗКТ ""Подполье трейдера"": индивидуальные тренировки",02:47,3756,,ru-orig,387,https://www.youtube.com/watch?v=G1SYU1F5mXc,transcripts/2017-10-20_G1SYU1F5mXc_002-trenirovki-v-zkt-podpole-treydera-individualnye-trenirov.txt
hWevJut_77E,2017-10-29,"#003 Тренировки в ЗКТ ""Подполье трейдера"": индивидуальные тренировки",02:32,3311,,ru-orig,297,https://www.youtube.com/watch?v=hWevJut_77E,transcripts/2017-10-29_hWevJut_77E_003-trenirovki-v-zkt-podpole-treydera-individualnye-trenirov.txt
IYvNLQpCLpU,2017-11-03,"Отзыв #1: курс ""Основы побарного анализа и сигналов VSA""",01:26,834,,ru-orig,211,https://www.youtube.com/watch?v=IYvNLQpCLpU,transcripts/2017-11-03_IYvNLQpCLpU_otzyv-1-kurs-osnovy-pobarnogo-analiza-i-signalov-vsa.txt
_wGWjyIlaCg,2017-11-03,"Отзыв #2: курс ""Основы побарного анализа и сигналов VSA""",00:25,621,,,0,https://www.youtube.com/watch?v=_wGWjyIlaCg,
LycihzG9KyQ,2017-11-08,"#004 Тренировки в ЗКТ ""Подполье трейдера"": индивидуальные тренировки",01:57,3118,,ru-orig,217,https://www.youtube.com/watch?v=LycihzG9KyQ,transcripts/2017-11-08_LycihzG9KyQ_004-trenirovki-v-zkt-podpole-treydera-individualnye-trenirov.txt
jhzwocihweU,2017-11-15,Алгоритм оценки малого объема в зонах часть 1,02:07,7143,,ru-orig,287,https://www.youtube.com/watch?v=jhzwocihweU,transcripts/2017-11-15_jhzwocihweU_algoritm-otsenki-malogo-obema-v-zonah-chast-1.txt
gh1CL3nxamk,2017-12-07,"Отзыв #3: курс ""Основы побарного анализа и сигналов VSA""",01:58,718,,ru-orig,215,https://www.youtube.com/watch?v=gh1CL3nxamk,transcripts/2017-12-07_gh1CL3nxamk_otzyv-3-kurs-osnovy-pobarnogo-analiza-i-signalov-vsa.txt
y70kSj8T2K4,2017-12-09,"Отзыв #4: курс ""Основы побарного анализа и сигналов VSA""",00:54,751,,ru-orig,106,https://www.youtube.com/watch?v=y70kSj8T2K4,transcripts/2017-12-09_y70kSj8T2K4_otzyv-4-kurs-osnovy-pobarnogo-analiza-i-signalov-vsa.txt
be-e6igAsSc,2018-02-03,"ВопросОтвет_007_ Формация ""тесты"", примеры ТВХ на М10",20:24,5129,,ru-orig,2777,https://www.youtube.com/watch?v=be-e6igAsSc,transcripts/2018-02-03_be-e6igAsSc_voprosotvet-007-formatsiya-testy-primery-tvh-na-m10.txt
zKayXNABS5U,2018-02-04,"Отзыв #5: курс ""Основы побарного анализа и сигналов VSA""",01:08,985,,ru-orig,95,https://www.youtube.com/watch?v=zKayXNABS5U,transcripts/2018-02-04_zKayXNABS5U_otzyv-5-kurs-osnovy-pobarnogo-analiza-i-signalov-vsa.txt
DCc9RZbZk5I,2018-02-07,"ВопросОтвет_008_ Русификация Xtick, настройка корреляции, алерты, уведомления",18:00,2920,,ru-orig,2244,https://www.youtube.com/watch?v=DCc9RZbZk5I,transcripts/2018-02-07_DCc9RZbZk5I_voprosotvet-008-rusifikatsiya-xtick-nastroyka-korrelyatsii-a.txt
vrxKpo0C1TY,2018-05-30,"Краткий обзор тетради трейдера ""Основы побарного анализа и сигналов VSA""",02:47,10577,149,ru-orig,358,https://www.youtube.com/watch?v=vrxKpo0C1TY,transcripts/2018-05-30_vrxKpo0C1TY_kratkiy-obzor-tetradi-treydera-osnovy-pobarnogo-analiza-i-si.txt
hfkT7KYXbDM,2018-07-04,Опционы урок №1: Первое знакомство с опционами,32:49,6404,211,ru-orig,4232,https://www.youtube.com/watch?v=hfkT7KYXbDM,transcripts/2018-07-04_hfkT7KYXbDM_optsiony-urok-1-pervoe-znakomstvo-s-optsionami.txt
k5nGYMyKGuk,2018-07-17,Опционы урок №2: Знакомство с терминалом,39:51,4479,139,ru-orig,4931,https://www.youtube.com/watch?v=k5nGYMyKGuk,transcripts/2018-07-17_k5nGYMyKGuk_optsiony-urok-2-znakomstvo-s-terminalom.txt
dQnP49_KYBM,2018-07-23,Опционы урок №3: Точки принятия решения,52:43,4713,161,ru-orig,7183,https://www.youtube.com/watch?v=dQnP49_KYBM,transcripts/2018-07-23_dQnP49_KYBM_optsiony-urok-3-tochki-prinyatiya-resheniya.txt
W6GA_dFEv3U,2018-08-14,"Опционы урок №4: Конструкции, основы",01:03:36,4594,136,ru-orig,8167,https://www.youtube.com/watch?v=W6GA_dFEv3U,transcripts/2018-08-14_W6GA_dFEv3U_optsiony-urok-4-konstruktsii-osnovy.txt
9W8MTkZfQDE,2018-08-30,"#005 Тренировки в ЗКТ ""Подполье трейдера"": опционы",19:55,2890,,ru-orig,1956,https://www.youtube.com/watch?v=9W8MTkZfQDE,transcripts/2018-08-30_9W8MTkZfQDE_005-trenirovki-v-zkt-podpole-treydera-optsiony.txt
t-yf8DyzMR0,2018-10-02,Пин Бар по методу побарного анализа,14:33,5856,207,ru-orig,1889,https://www.youtube.com/watch?v=t-yf8DyzMR0,transcripts/2018-10-02_t-yf8DyzMR0_pin-bar-po-metodu-pobarnogo-analiza.txt
Fh36cKUcsjI,2018-10-03,Урок №1 _ Первое знакомство с рынком,24:22,2262,57,ru-orig,3130,https://www.youtube.com/watch?v=Fh36cKUcsjI,transcripts/2018-10-03_Fh36cKUcsjI_urok-1-pervoe-znakomstvo-s-rynkom.txt
yqPEbYHTRPg,2018-10-03,Урок №2 _ Знакомство с торговым терминалом Quik,48:59,2559,72,ru-orig,5878,https://www.youtube.com/watch?v=yqPEbYHTRPg,transcripts/2018-10-03_yqPEbYHTRPg_urok-2-znakomstvo-s-torgovym-terminalom-quik.txt
1lw2Mb3BIc4,2018-10-08,Недельный обзор BR от 2018 10 08,04:45,449,,ru-orig,689,https://www.youtube.com/watch?v=1lw2Mb3BIc4,transcripts/2018-10-08_1lw2Mb3BIc4_nedelnyy-obzor-br-ot-2018-10-08.txt
LU01bGQg63k,2018-10-15,Недельный обзор контекста рынка от 2018-10-15,20:42,611,,ru-orig,3168,https://www.youtube.com/watch?v=LU01bGQg63k,transcripts/2018-10-15_LU01bGQg63k_nedelnyy-obzor-konteksta-rynka-ot-2018-10-15.txt
b-nD4VamSxo,2018-10-22,Недельный обзор контекста рынка от 2018-10-22,30:42,774,,ru-orig,4409,https://www.youtube.com/watch?v=b-nD4VamSxo,transcripts/2018-10-22_b-nD4VamSxo_nedelnyy-obzor-konteksta-rynka-ot-2018-10-22.txt
XaTHg48GUHg,2018-10-29,Недельный обзор контекста рынка от 2018-10-29,22:17,721,,ru-orig,3285,https://www.youtube.com/watch?v=XaTHg48GUHg,transcripts/2018-10-29_XaTHg48GUHg_nedelnyy-obzor-konteksta-rynka-ot-2018-10-29.txt
p73OTaNJSXQ,2018-11-06,Недельный обзор контекста рынка от 2018-11-06,28:41,630,,ru-orig,4279,https://www.youtube.com/watch?v=p73OTaNJSXQ,transcripts/2018-11-06_p73OTaNJSXQ_nedelnyy-obzor-konteksta-rynka-ot-2018-11-06.txt
-68kb4iYRZ4,2018-11-08,Урок №2_ идикатор Delta подробное описание индикатора(теория). Часть #1. Кластерный анализ.,11:07,18171,450,ru-orig,1447,https://www.youtube.com/watch?v=-68kb4iYRZ4,transcripts/2018-11-08_-68kb4iYRZ4_urok-2-idikator-delta-podrobnoe-opisanie-indikatora-teoriya.txt
BmLmfN9_H-U,2018-11-12,Недельный обзор контекста рынка от 2018-11-12,22:21,737,,ru-orig,3166,https://www.youtube.com/watch?v=BmLmfN9_H-U,transcripts/2018-11-12_BmLmfN9_H-U_nedelnyy-obzor-konteksta-rynka-ot-2018-11-12.txt
-TKYpgSRflk,2018-11-17,Отзыв #6: тетрадь трейдера,01:01,929,,,0,https://www.youtube.com/watch?v=-TKYpgSRflk,
Bg3Y_FTIPCs,2018-11-19,Недельный обзор контекста рынка от 2018-11-19,17:18,669,,ru-orig,2449,https://www.youtube.com/watch?v=Bg3Y_FTIPCs,transcripts/2018-11-19_Bg3Y_FTIPCs_nedelnyy-obzor-konteksta-rynka-ot-2018-11-19.txt
8JlOn1PdcY0,2018-11-26,Недельный обзор контекста рынка от 2018-11-26,12:24,586,,ru-orig,1827,https://www.youtube.com/watch?v=8JlOn1PdcY0,transcripts/2018-11-26_8JlOn1PdcY0_nedelnyy-obzor-konteksta-rynka-ot-2018-11-26.txt
cWMJfCY7xU8,2018-12-03,Недельный обзор контекста рынка от 2018-12-03,20:10,596,,ru-orig,2911,https://www.youtube.com/watch?v=cWMJfCY7xU8,transcripts/2018-12-03_cWMJfCY7xU8_nedelnyy-obzor-konteksta-rynka-ot-2018-12-03.txt
a_Rm3iQ5NB0,2018-12-09,Урок №3_ идикатор Delta подробное описание индикатора (теория). Часть #2. Кластерный анализ.,08:10,12536,363,ru-orig,1153,https://www.youtube.com/watch?v=a_Rm3iQ5NB0,transcripts/2018-12-09_a_Rm3iQ5NB0_urok-3-idikator-delta-podrobnoe-opisanie-indikatora-teoriya.txt
vLvA6mwp_CA,2018-12-10,Недельный обзор контекста рынка от 2018-12-10,21:53,582,,ru-orig,3289,https://www.youtube.com/watch?v=vLvA6mwp_CA,transcripts/2018-12-10_vLvA6mwp_CA_nedelnyy-obzor-konteksta-rynka-ot-2018-12-10.txt
DYUhsjzk38s,2018-12-17,Недельный обзор контекста рынка от 2018-12-17,14:09,569,,ru-orig,1972,https://www.youtube.com/watch?v=DYUhsjzk38s,transcripts/2018-12-17_DYUhsjzk38s_nedelnyy-obzor-konteksta-rynka-ot-2018-12-17.txt
uAZVmfQgr50,2018-12-24,Недельный обзор контекста рынка от 2018-12-24,23:12,560,,ru-orig,3382,https://www.youtube.com/watch?v=uAZVmfQgr50,transcripts/2018-12-24_uAZVmfQgr50_nedelnyy-obzor-konteksta-rynka-ot-2018-12-24.txt
c_HTZDTgKVo,2018-12-25,Утренний обзор SI от 25 декабря 2018,04:19,376,,,0,https://www.youtube.com/watch?v=c_HTZDTgKVo,
9YJ8zKFalMs,2018-12-25,Утренний обзор нефти BR от 2018-12-25,08:03,568,,ru-orig,1144,https://www.youtube.com/watch?v=9YJ8zKFalMs,transcripts/2018-12-25_9YJ8zKFalMs_utrenniy-obzor-nefti-br-ot-2018-12-25.txt
E9QSUmTY360,2018-12-26,Утренний обзор SI от 26 декабря 2018,06:24,332,,ru-orig,783,https://www.youtube.com/watch?v=E9QSUmTY360,transcripts/2018-12-26_E9QSUmTY360_utrenniy-obzor-si-ot-26-dekabrya-2018.txt
J4Jnz6T2BvY,2018-12-26,Утренний обзор нефти BR от 2018-12-26,04:41,389,,ru-orig,644,https://www.youtube.com/watch?v=J4Jnz6T2BvY,transcripts/2018-12-26_J4Jnz6T2BvY_utrenniy-obzor-nefti-br-ot-2018-12-26.txt
VybASZgmKjc,2018-12-27,Утренний обзор нефти BR от 2018-12-27,05:53,302,,ru-orig,828,https://www.youtube.com/watch?v=VybASZgmKjc,transcripts/2018-12-27_VybASZgmKjc_utrenniy-obzor-nefti-br-ot-2018-12-27.txt
Q7oxbOoD9pI,2018-12-28,Утренний обзор нефти BR от 2018-12-28,03:16,367,,ru-orig,442,https://www.youtube.com/watch?v=Q7oxbOoD9pI,transcripts/2018-12-28_Q7oxbOoD9pI_utrenniy-obzor-nefti-br-ot-2018-12-28.txt
LGpBvoGdu4w,2019-01-10,Утренний обзор нефти BR от 2019-01-10,05:15,495,,ru-orig,773,https://www.youtube.com/watch?v=LGpBvoGdu4w,transcripts/2019-01-10_LGpBvoGdu4w_utrenniy-obzor-nefti-br-ot-2019-01-10.txt
EY4TbIYMzcQ,2019-01-11,"#014 Тренировки в ЗКТ ""Подполье трейдера"": торговля на низком таймфрейме",15:22,3432,,ru-orig,1803,https://www.youtube.com/watch?v=EY4TbIYMzcQ,transcripts/2019-01-11_EY4TbIYMzcQ_014-trenirovki-v-zkt-podpole-treydera-torgovlya-na-nizkom-ta.txt
MziN0mURVzM,2019-01-11,Утренний обзор нефти BR от 2019-01-11,07:30,397,,ru-orig,1015,https://www.youtube.com/watch?v=MziN0mURVzM,transcripts/2019-01-11_MziN0mURVzM_utrenniy-obzor-nefti-br-ot-2019-01-11.txt
BBJfbDl2fts,2019-01-14,Утренний обзор нефти BR от 2019-01-14,07:06,414,,ru-orig,958,https://www.youtube.com/watch?v=BBJfbDl2fts,transcripts/2019-01-14_BBJfbDl2fts_utrenniy-obzor-nefti-br-ot-2019-01-14.txt
GB6_btXq5xU,2019-01-15,Утренний обзор нефти BR от 2019-01-15,10:04,542,,,0,https://www.youtube.com/watch?v=GB6_btXq5xU,
guA_DcFj1h4,2019-01-16,Утренний обзор нефти BR от 2019-01-16,06:06,388,,ru-orig,806,https://www.youtube.com/watch?v=guA_DcFj1h4,transcripts/2019-01-16_guA_DcFj1h4_utrenniy-obzor-nefti-br-ot-2019-01-16.txt
t5cCK8fnSkQ,2019-01-17,Утренний обзор нефти BR от 2019-01-17,10:41,393,,ru-orig,1362,https://www.youtube.com/watch?v=t5cCK8fnSkQ,transcripts/2019-01-17_t5cCK8fnSkQ_utrenniy-obzor-nefti-br-ot-2019-01-17.txt
lUx28qGNZAk,2019-01-18,Утренний обзор нефти BR от 2019-01-18,08:47,506,,ru-orig,1181,https://www.youtube.com/watch?v=lUx28qGNZAk,transcripts/2019-01-18_lUx28qGNZAk_utrenniy-obzor-nefti-br-ot-2019-01-18.txt
i_7aWMmBxXk,2019-01-21,Утренний обзор нефти BR от 2019-01-21,08:25,474,,ru-orig,1044,https://www.youtube.com/watch?v=i_7aWMmBxXk,transcripts/2019-01-21_i_7aWMmBxXk_utrenniy-obzor-nefti-br-ot-2019-01-21.txt
xgXcZyUmvhA,2019-01-22,Утренний обзор нефти BR от 2019-01-22,08:12,508,,ru-orig,1086,https://www.youtube.com/watch?v=xgXcZyUmvhA,transcripts/2019-01-22_xgXcZyUmvhA_utrenniy-obzor-nefti-br-ot-2019-01-22.txt
pyia1IiUHGE,2019-01-23,Утренний обзор нефти BR от 2019-01-23,10:29,428,,ru-orig,1423,https://www.youtube.com/watch?v=pyia1IiUHGE,transcripts/2019-01-23_pyia1IiUHGE_utrenniy-obzor-nefti-br-ot-2019-01-23.txt
rw0t4mdk0bM,2019-01-24,Утренний обзор нефти BR от 2019-01-24,07:22,544,,ru-orig,941,https://www.youtube.com/watch?v=rw0t4mdk0bM,transcripts/2019-01-24_rw0t4mdk0bM_utrenniy-obzor-nefti-br-ot-2019-01-24.txt
k713Gr2yHO4,2019-01-25,Утренний обзор нефти BR от 2019-01-25,05:50,463,,ru-orig,800,https://www.youtube.com/watch?v=k713Gr2yHO4,transcripts/2019-01-25_k713Gr2yHO4_utrenniy-obzor-nefti-br-ot-2019-01-25.txt
hXJAIrw_NmY,2019-01-28,Утренний обзор нефти BR от 2019-01-28,08:40,532,,ru-orig,1225,https://www.youtube.com/watch?v=hXJAIrw_NmY,transcripts/2019-01-28_hXJAIrw_NmY_utrenniy-obzor-nefti-br-ot-2019-01-28.txt
adEXeHvfT7E,2019-01-29,Утренний обзор нефти BR от 2019-01-29,07:34,510,,ru-orig,1085,https://www.youtube.com/watch?v=adEXeHvfT7E,transcripts/2019-01-29_adEXeHvfT7E_utrenniy-obzor-nefti-br-ot-2019-01-29.txt
Y_83pZZNUs0,2019-01-30,Утренний обзор нефти BR от 2019-01-30,07:01,440,,ru-orig,1019,https://www.youtube.com/watch?v=Y_83pZZNUs0,transcripts/2019-01-30_Y_83pZZNUs0_utrenniy-obzor-nefti-br-ot-2019-01-30.txt
0FzO88BiH-I,2019-01-31,Утренний обзор нефти BR от 2019-01-31,07:09,427,,ru-orig,981,https://www.youtube.com/watch?v=0FzO88BiH-I,transcripts/2019-01-31_0FzO88BiH-I_utrenniy-obzor-nefti-br-ot-2019-01-31.txt
H-ivbe7S7s8,2019-02-01,Утренний обзор нефти BR от 2019-02-01,07:01,372,,ru-orig,999,https://www.youtube.com/watch?v=H-ivbe7S7s8,transcripts/2019-02-01_H-ivbe7S7s8_utrenniy-obzor-nefti-br-ot-2019-02-01.txt
KGVzF8253ls,2019-02-04,Утренний обзор нефти BR от 2019-02-04,08:44,524,,ru-orig,1192,https://www.youtube.com/watch?v=KGVzF8253ls,transcripts/2019-02-04_KGVzF8253ls_utrenniy-obzor-nefti-br-ot-2019-02-04.txt
AzMtllGgttE,2019-02-05,Утренний обзор нефти BR от 2019-02-05,10:01,626,,ru-orig,1460,https://www.youtube.com/watch?v=AzMtllGgttE,transcripts/2019-02-05_AzMtllGgttE_utrenniy-obzor-nefti-br-ot-2019-02-05.txt
F55KgJs1P0k,2019-02-06,Утренний обзор нефти BR от 2019-02-06,08:52,481,,ru-orig,1202,https://www.youtube.com/watch?v=F55KgJs1P0k,transcripts/2019-02-06_F55KgJs1P0k_utrenniy-obzor-nefti-br-ot-2019-02-06.txt
stZObYxiNV4,2019-02-07,Утренний обзор нефти BR от 2019-02-07,16:06,559,,ru-orig,2175,https://www.youtube.com/watch?v=stZObYxiNV4,transcripts/2019-02-07_stZObYxiNV4_utrenniy-obzor-nefti-br-ot-2019-02-07.txt
TBfrsRm7fHs,2019-02-08,Утренний обзор нефти BR от 2019-02-08,12:06,560,,ru-orig,1620,https://www.youtube.com/watch?v=TBfrsRm7fHs,transcripts/2019-02-08_TBfrsRm7fHs_utrenniy-obzor-nefti-br-ot-2019-02-08.txt
c-g2SSK_9S8,2019-02-11,Утренний обзор нефти BR от 2019-02-11,06:51,507,,ru-orig,888,https://www.youtube.com/watch?v=c-g2SSK_9S8,transcripts/2019-02-11_c-g2SSK_9S8_utrenniy-obzor-nefti-br-ot-2019-02-11.txt
N0iOuMx1m7E,2019-02-12,Утренний обзор нефти BR от 2019-02-12,10:36,527,,ru-orig,1490,https://www.youtube.com/watch?v=N0iOuMx1m7E,transcripts/2019-02-12_N0iOuMx1m7E_utrenniy-obzor-nefti-br-ot-2019-02-12.txt
XsHsHmgU3CQ,2019-02-13,Утренний обзор нефти BR от 2019-02-13,09:07,678,,ru-orig,1250,https://www.youtube.com/watch?v=XsHsHmgU3CQ,transcripts/2019-02-13_XsHsHmgU3CQ_utrenniy-obzor-nefti-br-ot-2019-02-13.txt
VJOjZVhkpp8,2019-02-14,Утренний обзор нефти BR от 2019-02-14,09:13,427,,ru-orig,1230,https://www.youtube.com/watch?v=VJOjZVhkpp8,transcripts/2019-02-14_VJOjZVhkpp8_utrenniy-obzor-nefti-br-ot-2019-02-14.txt
VvueG36UB8Y,2019-02-15,Утренний обзор нефти BR от 2019-02-15,06:49,532,,ru-orig,944,https://www.youtube.com/watch?v=VvueG36UB8Y,transcripts/2019-02-15_VvueG36UB8Y_utrenniy-obzor-nefti-br-ot-2019-02-15.txt
Ui7KN_q95Zw,2019-02-18,Утренний обзор нефти BR от 2019-02-18,07:31,530,,ru-orig,1056,https://www.youtube.com/watch?v=Ui7KN_q95Zw,transcripts/2019-02-18_Ui7KN_q95Zw_utrenniy-obzor-nefti-br-ot-2019-02-18.txt
lqfXdFSB9Gc,2019-02-19,Утренний обзор нефти BR от 2019-02-19,08:26,466,,ru-orig,1226,https://www.youtube.com/watch?v=lqfXdFSB9Gc,transcripts/2019-02-19_lqfXdFSB9Gc_utrenniy-obzor-nefti-br-ot-2019-02-19.txt
3ypFs910BYU,2019-02-20,Утренний обзор нефти BR от 2019-02-20,11:42,556,,ru-orig,1573,https://www.youtube.com/watch?v=3ypFs910BYU,transcripts/2019-02-20_3ypFs910BYU_utrenniy-obzor-nefti-br-ot-2019-02-20.txt
mkt2Uivz-5Q,2019-02-21,Утренний обзор нефти BR от 2019-02-21,05:39,423,,ru-orig,815,https://www.youtube.com/watch?v=mkt2Uivz-5Q,transcripts/2019-02-21_mkt2Uivz-5Q_utrenniy-obzor-nefti-br-ot-2019-02-21.txt
oQcBWtE7fo4,2019-02-22,Утренний обзор нефти BR от 2019-02-22,08:06,460,,ru-orig,1184,https://www.youtube.com/watch?v=oQcBWtE7fo4,transcripts/2019-02-22_oQcBWtE7fo4_utrenniy-obzor-nefti-br-ot-2019-02-22.txt
BFf2i_9TBFs,2019-02-25,Утренний обзор нефти BR от 2019-02-25,10:36,583,,ru-orig,1502,https://www.youtube.com/watch?v=BFf2i_9TBFs,transcripts/2019-02-25_BFf2i_9TBFs_utrenniy-obzor-nefti-br-ot-2019-02-25.txt
JVQURAQ7nY8,2019-02-26,Утренний обзор нефти BR от 2019-02-26,07:18,574,,ru-orig,1097,https://www.youtube.com/watch?v=JVQURAQ7nY8,transcripts/2019-02-26_JVQURAQ7nY8_utrenniy-obzor-nefti-br-ot-2019-02-26.txt
FDlGpOvgvbo,2019-02-27,Утренний обзор нефти BR от 2019-02-27,03:36,539,,ru-orig,523,https://www.youtube.com/watch?v=FDlGpOvgvbo,transcripts/2019-02-27_FDlGpOvgvbo_utrenniy-obzor-nefti-br-ot-2019-02-27.txt
KquQsNyyReU,2019-02-28,Утренний обзор нефти BR от 2019-02-28,07:25,609,,ru-orig,1045,https://www.youtube.com/watch?v=KquQsNyyReU,transcripts/2019-02-28_KquQsNyyReU_utrenniy-obzor-nefti-br-ot-2019-02-28.txt
NlBIHExWUhE,2019-03-01,Утренний обзор нефти BR от 2019-03-01,04:31,545,,ru-orig,667,https://www.youtube.com/watch?v=NlBIHExWUhE,transcripts/2019-03-01_NlBIHExWUhE_utrenniy-obzor-nefti-br-ot-2019-03-01.txt
18hFuaDE9PQ,2019-03-04,Утренний обзор нефти BR от 2019-03-04,07:36,658,,ru-orig,1133,https://www.youtube.com/watch?v=18hFuaDE9PQ,transcripts/2019-03-04_18hFuaDE9PQ_utrenniy-obzor-nefti-br-ot-2019-03-04.txt
jYPSdxMyB5Y,2019-03-05,Утренний обзор нефти BR от 2019-03-05,08:39,582,,ru-orig,1227,https://www.youtube.com/watch?v=jYPSdxMyB5Y,transcripts/2019-03-05_jYPSdxMyB5Y_utrenniy-obzor-nefti-br-ot-2019-03-05.txt
3PCSodlHDNY,2019-03-06,Утренний обзор нефти BR от 2019-03-06,06:37,559,,ru-orig,950,https://www.youtube.com/watch?v=3PCSodlHDNY,transcripts/2019-03-06_3PCSodlHDNY_utrenniy-obzor-nefti-br-ot-2019-03-06.txt
D0ZGQ7YIkvk,2019-03-07,Утренний обзор нефти BR от 2019-03-07,06:20,622,,ru-orig,897,https://www.youtube.com/watch?v=D0ZGQ7YIkvk,transcripts/2019-03-07_D0ZGQ7YIkvk_utrenniy-obzor-nefti-br-ot-2019-03-07.txt
mVc6VngZA1U,2019-03-11,Утренний обзор нефти BR от 2019-03-11,04:47,656,,ru-orig,697,https://www.youtube.com/watch?v=mVc6VngZA1U,transcripts/2019-03-11_mVc6VngZA1U_utrenniy-obzor-nefti-br-ot-2019-03-11.txt
vyvy-Dn5uMo,2019-03-12,"#016 Тренировки в ЗКТ ""Подполье трейдера"": торговля на низком таймфрейме",06:42,2890,,ru-orig,734,https://www.youtube.com/watch?v=vyvy-Dn5uMo,transcripts/2019-03-12_vyvy-Dn5uMo_016-trenirovki-v-zkt-podpole-treydera-torgovlya-na-nizkom-ta.txt
g6_1tzLUAxw,2019-03-12,Утренний обзор нефти BR от 2019-03-12,06:24,594,,ru-orig,955,https://www.youtube.com/watch?v=g6_1tzLUAxw,transcripts/2019-03-12_g6_1tzLUAxw_utrenniy-obzor-nefti-br-ot-2019-03-12.txt
fY7b7medHiY,2019-03-13,Утренний обзор нефти BR от 2019-03-13,06:01,570,,ru-orig,851,https://www.youtube.com/watch?v=fY7b7medHiY,transcripts/2019-03-13_fY7b7medHiY_utrenniy-obzor-nefti-br-ot-2019-03-13.txt
4mXPa1Dlh8Y,2019-03-14,Утренний обзор нефти BR от 2019-03-14,06:46,546,,ru-orig,951,https://www.youtube.com/watch?v=4mXPa1Dlh8Y,transcripts/2019-03-14_4mXPa1Dlh8Y_utrenniy-obzor-nefti-br-ot-2019-03-14.txt
rmUnbTbNIGc,2019-03-15,Утренний обзор нефти BR от 2019-03-15,08:14,765,,ru-orig,1108,https://www.youtube.com/watch?v=rmUnbTbNIGc,transcripts/2019-03-15_rmUnbTbNIGc_utrenniy-obzor-nefti-br-ot-2019-03-15.txt
clyE_ey4Z_E,2019-03-18,Утренний обзор нефти BR от 2019-03-18,06:42,635,,ru-orig,950,https://www.youtube.com/watch?v=clyE_ey4Z_E,transcripts/2019-03-18_clyE_ey4Z_E_utrenniy-obzor-nefti-br-ot-2019-03-18.txt
9d7yBxp-wM4,2019-03-19,Утренний обзор нефти BR от 2019-03-19,17:22,701,,ru-orig,2384,https://www.youtube.com/watch?v=9d7yBxp-wM4,transcripts/2019-03-19_9d7yBxp-wM4_utrenniy-obzor-nefti-br-ot-2019-03-19.txt
oXbSuWFTKlA,2019-03-20,Утренний обзор нефти BR от 2019-03-20,07:06,686,,ru-orig,933,https://www.youtube.com/watch?v=oXbSuWFTKlA,transcripts/2019-03-20_oXbSuWFTKlA_utrenniy-obzor-nefti-br-ot-2019-03-20.txt
AR04vZTY1uo,2019-03-21,Утренний обзор нефти BR от 2019-03-21,06:47,591,,ru-orig,1006,https://www.youtube.com/watch?v=AR04vZTY1uo,transcripts/2019-03-21_AR04vZTY1uo_utrenniy-obzor-nefti-br-ot-2019-03-21.txt
CGXBZyzz434,2019-03-22,Утренний обзор нефти BR от 2019-03-22,10:42,840,,,0,https://www.youtube.com/watch?v=CGXBZyzz434,
H9S-MVtiLPo,2019-03-25,Утренний обзор нефти BR от 2019-03-25,05:01,616,,ru-orig,672,https://www.youtube.com/watch?v=H9S-MVtiLPo,transcripts/2019-03-25_H9S-MVtiLPo_utrenniy-obzor-nefti-br-ot-2019-03-25.txt
k2V8fZgWTVA,2019-03-26,Утренний обзор нефти BR от 2019-03-26,16:12,701,,ru-orig,2139,https://www.youtube.com/watch?v=k2V8fZgWTVA,transcripts/2019-03-26_k2V8fZgWTVA_utrenniy-obzor-nefti-br-ot-2019-03-26.txt
F0oD9XnVZaI,2019-03-27,Утренний обзор нефти BR от 2019-03-27,09:28,619,,ru-orig,1307,https://www.youtube.com/watch?v=F0oD9XnVZaI,transcripts/2019-03-27_F0oD9XnVZaI_utrenniy-obzor-nefti-br-ot-2019-03-27.txt
Z0qJ_qNHLl4,2019-03-28,Утренний обзор нефти BR от 2019-03-28,07:37,561,,ru-orig,1036,https://www.youtube.com/watch?v=Z0qJ_qNHLl4,transcripts/2019-03-28_Z0qJ_qNHLl4_utrenniy-obzor-nefti-br-ot-2019-03-28.txt
4sCpFwkaWgI,2019-03-29,Утренний обзор нефти BR от 2019-03-29,13:14,727,,ru-orig,1794,https://www.youtube.com/watch?v=4sCpFwkaWgI,transcripts/2019-03-29_4sCpFwkaWgI_utrenniy-obzor-nefti-br-ot-2019-03-29.txt
iJ1mXvpFVjw,2019-04-01,Утренний обзор нефти BR от 2019-04-01,09:48,627,,,0,https://www.youtube.com/watch?v=iJ1mXvpFVjw,
xZ8M03jV5n4,2019-04-02,Утренний обзор нефти BR от 2019-04-02,06:44,572,,ru-orig,946,https://www.youtube.com/watch?v=xZ8M03jV5n4,transcripts/2019-04-02_xZ8M03jV5n4_utrenniy-obzor-nefti-br-ot-2019-04-02.txt
WIcMvetHe8Y,2019-04-03,Утренний обзор нефти BR от 2019-04-03,09:16,634,,ru-orig,1222,https://www.youtube.com/watch?v=WIcMvetHe8Y,transcripts/2019-04-03_WIcMvetHe8Y_utrenniy-obzor-nefti-br-ot-2019-04-03.txt
gGD1Hs3jtbE,2019-04-04,Утренний обзор нефти BR от 2019-04-04,10:15,587,,ru-orig,1411,https://www.youtube.com/watch?v=gGD1Hs3jtbE,transcripts/2019-04-04_gGD1Hs3jtbE_utrenniy-obzor-nefti-br-ot-2019-04-04.txt
wiCy5bnuVw0,2019-04-05,Утренний обзор нефти BR от 2019-04-05,07:23,612,,ru-orig,1007,https://www.youtube.com/watch?v=wiCy5bnuVw0,transcripts/2019-04-05_wiCy5bnuVw0_utrenniy-obzor-nefti-br-ot-2019-04-05.txt
X97jHVJNVtQ,2019-04-08,Утренний обзор нефти BR от 2019-04-08,08:36,772,,ru-orig,1151,https://www.youtube.com/watch?v=X97jHVJNVtQ,transcripts/2019-04-08_X97jHVJNVtQ_utrenniy-obzor-nefti-br-ot-2019-04-08.txt
kNsBe0qtTXQ,2019-04-09,Утренний обзор нефти BR от 2019-04-09,10:25,575,,ru-orig,1484,https://www.youtube.com/watch?v=kNsBe0qtTXQ,transcripts/2019-04-09_kNsBe0qtTXQ_utrenniy-obzor-nefti-br-ot-2019-04-09.txt
fJqYPJ5qKLY,2019-04-10,Утренний обзор нефти BR от 2019-04-10,06:51,588,,ru-orig,911,https://www.youtube.com/watch?v=fJqYPJ5qKLY,transcripts/2019-04-10_fJqYPJ5qKLY_utrenniy-obzor-nefti-br-ot-2019-04-10.txt
6Cp1TJTFARs,2019-04-11,Утренний обзор нефти BR от 2019-04-11,06:27,443,,ru-orig,915,https://www.youtube.com/watch?v=6Cp1TJTFARs,transcripts/2019-04-11_6Cp1TJTFARs_utrenniy-obzor-nefti-br-ot-2019-04-11.txt
P35Xv6GOH2M,2019-04-12,Утренний обзор нефти BR от 2019-04-12,07:46,520,,ru-orig,1072,https://www.youtube.com/watch?v=P35Xv6GOH2M,transcripts/2019-04-12_P35Xv6GOH2M_utrenniy-obzor-nefti-br-ot-2019-04-12.txt
v47YEueSvmE,2019-04-15,Утренний обзор нефти BR от 2019-04-15,08:39,578,,ru-orig,1188,https://www.youtube.com/watch?v=v47YEueSvmE,transcripts/2019-04-15_v47YEueSvmE_utrenniy-obzor-nefti-br-ot-2019-04-15.txt
E52Cp3oETzw,2019-04-16,Утренний обзор нефти BR от 2019-04-16,09:18,454,,ru-orig,1251,https://www.youtube.com/watch?v=E52Cp3oETzw,transcripts/2019-04-16_E52Cp3oETzw_utrenniy-obzor-nefti-br-ot-2019-04-16.txt
d94wGv63B3M,2019-04-17,Утренний обзор нефти BR от 2019-04-17,11:04,518,,ru-orig,1459,https://www.youtube.com/watch?v=d94wGv63B3M,transcripts/2019-04-17_d94wGv63B3M_utrenniy-obzor-nefti-br-ot-2019-04-17.txt
AgNQr3hU_gQ,2019-04-18,Утренний обзор нефти BR от 2019-04-18,08:35,519,,ru-orig,1194,https://www.youtube.com/watch?v=AgNQr3hU_gQ,transcripts/2019-04-18_AgNQr3hU_gQ_utrenniy-obzor-nefti-br-ot-2019-04-18.txt
0xHjnQxYw2s,2019-04-19,Утренний обзор нефти BR от 2019-04-19,09:34,457,,ru-orig,1297,https://www.youtube.com/watch?v=0xHjnQxYw2s,transcripts/2019-04-19_0xHjnQxYw2s_utrenniy-obzor-nefti-br-ot-2019-04-19.txt
hehPBTsRdyg,2019-04-22,Утренний обзор нефти BR от 2019-04-22,03:30,404,,ru-orig,523,https://www.youtube.com/watch?v=hehPBTsRdyg,transcripts/2019-04-22_hehPBTsRdyg_utrenniy-obzor-nefti-br-ot-2019-04-22.txt
TFEboM_hCi4,2019-04-23,Утренний обзор нефти BR от 2019-04-23,04:39,515,,ru-orig,595,https://www.youtube.com/watch?v=TFEboM_hCi4,transcripts/2019-04-23_TFEboM_hCi4_utrenniy-obzor-nefti-br-ot-2019-04-23.txt
OiAFy1XMrM8,2019-04-24,Утренний обзор нефти BR от 2019-04-24,06:20,492,,ru-orig,797,https://www.youtube.com/watch?v=OiAFy1XMrM8,transcripts/2019-04-24_OiAFy1XMrM8_utrenniy-obzor-nefti-br-ot-2019-04-24.txt
n7DWjxXQidU,2019-04-25,Утренний обзор нефти BR от 2019-04-25,10:01,424,,ru-orig,1287,https://www.youtube.com/watch?v=n7DWjxXQidU,transcripts/2019-04-25_n7DWjxXQidU_utrenniy-obzor-nefti-br-ot-2019-04-25.txt
F1Bnj4RBHF8,2019-04-26,Утренний обзор нефти BR от 2019-04-26,11:44,541,,ru-orig,1519,https://www.youtube.com/watch?v=F1Bnj4RBHF8,transcripts/2019-04-26_F1Bnj4RBHF8_utrenniy-obzor-nefti-br-ot-2019-04-26.txt
y1DgxNGdqvI,2019-04-29,Утренний обзор нефти BR от 2019-04-29,05:46,546,,ru-orig,782,https://www.youtube.com/watch?v=y1DgxNGdqvI,transcripts/2019-04-29_y1DgxNGdqvI_utrenniy-obzor-nefti-br-ot-2019-04-29.txt
Q2XasQ_bMrI,2019-04-30,Утренний обзор нефти BR от 2019-04-30,13:24,603,,ru-orig,1706,https://www.youtube.com/watch?v=Q2XasQ_bMrI,transcripts/2019-04-30_Q2XasQ_bMrI_utrenniy-obzor-nefti-br-ot-2019-04-30.txt
1ZmbEVYpEbc,2019-05-06,Утренний обзор нефти BR от 2019-05-06,07:21,570,,ru-orig,970,https://www.youtube.com/watch?v=1ZmbEVYpEbc,transcripts/2019-05-06_1ZmbEVYpEbc_utrenniy-obzor-nefti-br-ot-2019-05-06.txt
UTSyovTdiN0,2019-05-07,Утренний обзор нефти BR от 2019-05-07,08:18,704,,ru-orig,1067,https://www.youtube.com/watch?v=UTSyovTdiN0,transcripts/2019-05-07_UTSyovTdiN0_utrenniy-obzor-nefti-br-ot-2019-05-07.txt
A-soucnTO3E,2019-05-13,Утренний обзор нефти BR от 2019-05-13,05:37,561,,ru-orig,814,https://www.youtube.com/watch?v=A-soucnTO3E,transcripts/2019-05-13_A-soucnTO3E_utrenniy-obzor-nefti-br-ot-2019-05-13.txt
hE4VdldNLd0,2019-05-14,Утренний обзор нефти BR от 2019-05-14,31:18,524,,ru-orig,4215,https://www.youtube.com/watch?v=hE4VdldNLd0,transcripts/2019-05-14_hE4VdldNLd0_utrenniy-obzor-nefti-br-ot-2019-05-14.txt
hZZlCznWqt0,2019-05-15,Утренний обзор нефти BR от 2019-05-15,17:44,599,,ru-orig,2384,https://www.youtube.com/watch?v=hZZlCznWqt0,transcripts/2019-05-15_hZZlCznWqt0_utrenniy-obzor-nefti-br-ot-2019-05-15.txt
OSdI-Snf790,2019-05-16,Утренний обзор нефти BR от 2019-05-16,21:22,388,,,0,https://www.youtube.com/watch?v=OSdI-Snf790,
ikAjw-jRDmY,2019-05-17,Утренний обзор нефти BR от 2019-05-17,10:31,673,,ru-orig,1314,https://www.youtube.com/watch?v=ikAjw-jRDmY,transcripts/2019-05-17_ikAjw-jRDmY_utrenniy-obzor-nefti-br-ot-2019-05-17.txt
CJv9wheDHfY,2019-05-20,Утренний обзор нефти BR от 2019-05-20,08:35,470,,ru-orig,1205,https://www.youtube.com/watch?v=CJv9wheDHfY,transcripts/2019-05-20_CJv9wheDHfY_utrenniy-obzor-nefti-br-ot-2019-05-20.txt
Zk0cRGJleaE,2019-05-21,Утренний обзор нефти BR от 2019-05-21,23:53,523,,ru-orig,3305,https://www.youtube.com/watch?v=Zk0cRGJleaE,transcripts/2019-05-21_Zk0cRGJleaE_utrenniy-obzor-nefti-br-ot-2019-05-21.txt
xtnTc2XwFxc,2019-05-22,Утренний обзор нефти BR от 2019-05-22,12:34,414,,,0,https://www.youtube.com/watch?v=xtnTc2XwFxc,
L2Ufxd8xx6E,2019-05-23,Утренний обзор нефти BR от 2019-05-23,17:21,394,,ru-orig,2198,https://www.youtube.com/watch?v=L2Ufxd8xx6E,transcripts/2019-05-23_L2Ufxd8xx6E_utrenniy-obzor-nefti-br-ot-2019-05-23.txt
PL0J1l52uoQ,2019-05-24,Хроники торгов. Поиск ключевых зон и уровней по нефти BR от 2019-05-24,06:39,567,,,0,https://www.youtube.com/watch?v=PL0J1l52uoQ,
roRq5w-r0q4,2019-05-27,Хроники торгов. Поиск ключевых зон и уровней по нефти BR от 2019-05-27,19:56,528,,ru-orig,2642,https://www.youtube.com/watch?v=roRq5w-r0q4,transcripts/2019-05-27_roRq5w-r0q4_hroniki-torgov-poisk-klyuchevyh-zon-i-urovney-po-nefti-br-ot.txt
7TNMhVaMiQc,2019-05-28,Хроники торгов. Поиск ключевых зон и уровней по нефти BR от 2019-05-28,12:21,534,,ru-orig,1655,https://www.youtube.com/watch?v=7TNMhVaMiQc,transcripts/2019-05-28_7TNMhVaMiQc_hroniki-torgov-poisk-klyuchevyh-zon-i-urovney-po-nefti-br-ot.txt
WdTDKBpduCM,2019-05-29,Хроники торгов. Поиск ключевых зон и уровней по нефти BR от 2019-05-29,07:18,361,,ru-orig,1074,https://www.youtube.com/watch?v=WdTDKBpduCM,transcripts/2019-05-29_WdTDKBpduCM_hroniki-torgov-poisk-klyuchevyh-zon-i-urovney-po-nefti-br-ot.txt
IqfSTyEIOuo,2019-05-30,Хроники торгов. Поиск ключевых зон и уровней по нефти BR от 2019-05-30,19:36,443,,ru-orig,2706,https://www.youtube.com/watch?v=IqfSTyEIOuo,transcripts/2019-05-30_IqfSTyEIOuo_hroniki-torgov-poisk-klyuchevyh-zon-i-urovney-po-nefti-br-ot.txt
guKy8dF4UsA,2019-05-31,Хроники торгов. Поиск ключевых зон и уровней по нефти BR от 2019-05-31,29:23,522,,ru-orig,4066,https://www.youtube.com/watch?v=guKy8dF4UsA,transcripts/2019-05-31_guKy8dF4UsA_hroniki-torgov-poisk-klyuchevyh-zon-i-urovney-po-nefti-br-ot.txt
Nm9uolB6FBc,2019-06-01,Урок №4_ кластер Bid x Ask (теория). Кластерный анализ.,07:38,13902,396,ru-orig,996,https://www.youtube.com/watch?v=Nm9uolB6FBc,transcripts/2019-06-01_Nm9uolB6FBc_urok-4-klaster-bid-x-ask-teoriya-klasternyy-analiz.txt
P9oV3pRFAKM,2019-06-03,Хроники торгов. Поиск ключевых зон и уровней по нефти BR от 2019-06-03,08:18,485,,ru-orig,1127,https://www.youtube.com/watch?v=P9oV3pRFAKM,transcripts/2019-06-03_P9oV3pRFAKM_hroniki-torgov-poisk-klyuchevyh-zon-i-urovney-po-nefti-br-ot.txt
MAGMHoNrks4,2019-06-04,Хроники торгов. Поиск ключевых зон и уровней по нефти BR от 2019-06-04,18:31,420,,ru-orig,2574,https://www.youtube.com/watch?v=MAGMHoNrks4,transcripts/2019-06-04_MAGMHoNrks4_hroniki-torgov-poisk-klyuchevyh-zon-i-urovney-po-nefti-br-ot.txt
x7CwDU4rfzk,2019-06-05,Хроники торгов. Поиск ключевых зон и уровней по нефти BR от 2019-06-05,15:17,413,,ru-orig,2038,https://www.youtube.com/watch?v=x7CwDU4rfzk,transcripts/2019-06-05_x7CwDU4rfzk_hroniki-torgov-poisk-klyuchevyh-zon-i-urovney-po-nefti-br-ot.txt
SeR-zQKtsX0,2019-06-06,Хроники торгов. Поиск ключевых зон и уровней по нефти BR от 2019-06-06,17:26,426,,ru-orig,2405,https://www.youtube.com/watch?v=SeR-zQKtsX0,transcripts/2019-06-06_SeR-zQKtsX0_hroniki-torgov-poisk-klyuchevyh-zon-i-urovney-po-nefti-br-ot.txt
nA5nqCOL4-4,2019-06-07,Хроники торгов. Поиск ключевых зон и уровней по нефти BR от 2019-06-07,09:15,462,,ru-orig,1183,https://www.youtube.com/watch?v=nA5nqCOL4-4,transcripts/2019-06-07_nA5nqCOL4-4_hroniki-torgov-poisk-klyuchevyh-zon-i-urovney-po-nefti-br-ot.txt
hDk-aA-VAaU,2019-06-10,Хроники торгов. Поиск ключевых зон и уровней по нефти BR от 2019-06-10,13:09,452,,ru-orig,1796,https://www.youtube.com/watch?v=hDk-aA-VAaU,transcripts/2019-06-10_hDk-aA-VAaU_hroniki-torgov-poisk-klyuchevyh-zon-i-urovney-po-nefti-br-ot.txt
Mp314tum_Wk,2019-06-11,Хроники торгов. Поиск ключевых зон и уровней по нефти BR от 2019-06-11,14:52,534,,ru-orig,2074,https://www.youtube.com/watch?v=Mp314tum_Wk,transcripts/2019-06-11_Mp314tum_Wk_hroniki-torgov-poisk-klyuchevyh-zon-i-urovney-po-nefti-br-ot.txt
jpkT7Ysl5d0,2019-06-13,Хроники торгов. Поиск ключевых зон и уровней по нефти BR от 2019-06-13,05:13,384,,ru-orig,708,https://www.youtube.com/watch?v=jpkT7Ysl5d0,transcripts/2019-06-13_jpkT7Ysl5d0_hroniki-torgov-poisk-klyuchevyh-zon-i-urovney-po-nefti-br-ot.txt
nWROwjVIjH8,2019-06-14,Хроники торгов. Поиск ключевых зон и уровней по нефти BR от 2019-06-14,15:01,554,,ru-orig,1968,https://www.youtube.com/watch?v=nWROwjVIjH8,transcripts/2019-06-14_nWROwjVIjH8_hroniki-torgov-poisk-klyuchevyh-zon-i-urovney-po-nefti-br-ot.txt
W55RPHxnXhw,2019-06-17,Хроники торгов. Поиск ключевых зон и уровней по нефти BR от 2019-06-17,09:39,408,,ru-orig,1373,https://www.youtube.com/watch?v=W55RPHxnXhw,transcripts/2019-06-17_W55RPHxnXhw_hroniki-torgov-poisk-klyuchevyh-zon-i-urovney-po-nefti-br-ot.txt
KBLf_ONEGfo,2019-06-18,Хроники торгов. Поиск ключевых зон и уровней по нефти BR от 2019-06-18,13:27,503,,,0,https://www.youtube.com/watch?v=KBLf_ONEGfo,
BE7OOeCEBj8,2019-06-19,19 июня 2019. Хроники торгов. Поиск ключевых зон и уровней по нефти BR,18:56,415,43,ru-orig,2717,https://www.youtube.com/watch?v=BE7OOeCEBj8,transcripts/2019-06-19_BE7OOeCEBj8_19-iyunya-2019-hroniki-torgov-poisk-klyuchevyh-zon-i-urovney.txt
GBqgGp3HESU,2019-06-20,20 июня 2019. Хроники торгов. Поиск ключевых зон и уровней по нефти BR,08:54,434,,ru-orig,1198,https://www.youtube.com/watch?v=GBqgGp3HESU,transcripts/2019-06-20_GBqgGp3HESU_20-iyunya-2019-hroniki-torgov-poisk-klyuchevyh-zon-i-urovney.txt
2vrVRTQwIrM,2019-06-21,21 июня 2019. Хроники торгов. Поиск ключевых зон и уровней по нефти BR,14:54,561,,ru-orig,1980,https://www.youtube.com/watch?v=2vrVRTQwIrM,transcripts/2019-06-21_2vrVRTQwIrM_21-iyunya-2019-hroniki-torgov-poisk-klyuchevyh-zon-i-urovney.txt
ThJQkkqLnV0,2019-06-24,24 июня 2019. Хроники торгов. Поиск ключевых зон и уровней по нефти BR,15:09,389,,ru-orig,2146,https://www.youtube.com/watch?v=ThJQkkqLnV0,transcripts/2019-06-24_ThJQkkqLnV0_24-iyunya-2019-hroniki-torgov-poisk-klyuchevyh-zon-i-urovney.txt
mgqhUfCwG8M,2019-06-25,25 июня 2019. Хроники торгов. Поиск ключевых зон и уровней по нефти BR,14:30,429,,ru-orig,2000,https://www.youtube.com/watch?v=mgqhUfCwG8M,transcripts/2019-06-25_mgqhUfCwG8M_25-iyunya-2019-hroniki-torgov-poisk-klyuchevyh-zon-i-urovney.txt
ugA-pCjyPZ4,2019-06-26,26 июня 2019. Хроники торгов. Поиск ключевых зон и уровней по нефти BR,15:24,389,,ru-orig,2146,https://www.youtube.com/watch?v=ugA-pCjyPZ4,transcripts/2019-06-26_ugA-pCjyPZ4_26-iyunya-2019-hroniki-torgov-poisk-klyuchevyh-zon-i-urovney.txt
izvwusbq7N8,2019-06-27,27 июня 2019. Хроники торгов. Поиск ключевых зон и уровней по нефти BR,04:57,371,,ru-orig,669,https://www.youtube.com/watch?v=izvwusbq7N8,transcripts/2019-06-27_izvwusbq7N8_27-iyunya-2019-hroniki-torgov-poisk-klyuchevyh-zon-i-urovney.txt
IV70wvP0fBw,2019-06-28,28 июня 2019. Хроники торгов на М5 по нефти BR,14:36,468,,ru-orig,1982,https://www.youtube.com/watch?v=IV70wvP0fBw,transcripts/2019-06-28_IV70wvP0fBw_28-iyunya-2019-hroniki-torgov-na-m5-po-nefti-br.txt
f7E8Pvb4gN4,2019-07-01,1 июля 2019. Хроники торгов на М5 по нефти BR,10:26,497,,ru-orig,1304,https://www.youtube.com/watch?v=f7E8Pvb4gN4,transcripts/2019-07-01_f7E8Pvb4gN4_1-iyulya-2019-hroniki-torgov-na-m5-po-nefti-br.txt
gwZUg8BjARc,2019-07-02,2 июля 2019. Хроники торгов на М5 по нефти BR,08:54,425,49,ru-orig,1102,https://www.youtube.com/watch?v=gwZUg8BjARc,transcripts/2019-07-02_gwZUg8BjARc_2-iyulya-2019-hroniki-torgov-na-m5-po-nefti-br.txt
vwY8RGa-xZ4,2019-07-03,3 июля 2019. Хроники торгов на М5 по нефти BR,14:42,482,,ru-orig,1976,https://www.youtube.com/watch?v=vwY8RGa-xZ4,transcripts/2019-07-03_vwY8RGa-xZ4_3-iyulya-2019-hroniki-torgov-na-m5-po-nefti-br.txt
Jz9w0mhGzeM,2019-07-04,4 июля 2019. Хроники торгов на М5 по нефти BR,07:51,367,,ru-orig,1093,https://www.youtube.com/watch?v=Jz9w0mhGzeM,transcripts/2019-07-04_Jz9w0mhGzeM_4-iyulya-2019-hroniki-torgov-na-m5-po-nefti-br.txt
Y2MEGd-h7Dc,2019-07-05,5 июля 2019. Хроники торгов на М5 по нефти BR,02:28,367,,ru-orig,364,https://www.youtube.com/watch?v=Y2MEGd-h7Dc,transcripts/2019-07-05_Y2MEGd-h7Dc_5-iyulya-2019-hroniki-torgov-na-m5-po-nefti-br.txt
Nmpb9eOIabg,2019-07-08,8 июля 2019. Хроники торгов на М5 по нефти BR,07:14,474,,ru-orig,936,https://www.youtube.com/watch?v=Nmpb9eOIabg,transcripts/2019-07-08_Nmpb9eOIabg_8-iyulya-2019-hroniki-torgov-na-m5-po-nefti-br.txt
asH71of5Ia8,2019-07-09,9 июля 2019. Хроники торгов на М5 по нефти BR,11:04,448,,ru-orig,1458,https://www.youtube.com/watch?v=asH71of5Ia8,transcripts/2019-07-09_asH71of5Ia8_9-iyulya-2019-hroniki-torgov-na-m5-po-nefti-br.txt
1a0qoHfm0D4,2019-07-10,10 июля 2019. Хроники торгов на М5 по нефти BR,05:39,392,,ru-orig,827,https://www.youtube.com/watch?v=1a0qoHfm0D4,transcripts/2019-07-10_1a0qoHfm0D4_10-iyulya-2019-hroniki-torgov-na-m5-po-nefti-br.txt
9lOlWU3i09E,2019-07-11,11 июля 2019. Хроники торгов на М5 по нефти BR,04:43,345,,ru-orig,655,https://www.youtube.com/watch?v=9lOlWU3i09E,transcripts/2019-07-11_9lOlWU3i09E_11-iyulya-2019-hroniki-torgov-na-m5-po-nefti-br.txt
7PpKIPHrr4w,2019-07-12,12 июля 2019. Хроники торгов на М5 по нефти BR,10:51,447,,ru-orig,1540,https://www.youtube.com/watch?v=7PpKIPHrr4w,transcripts/2019-07-12_7PpKIPHrr4w_12-iyulya-2019-hroniki-torgov-na-m5-po-nefti-br.txt
vwroKdEFVYA,2019-07-15,15 июля 2019. Хроники торгов на М5 по нефти BR,08:34,356,,ru-orig,1199,https://www.youtube.com/watch?v=vwroKdEFVYA,transcripts/2019-07-15_vwroKdEFVYA_15-iyulya-2019-hroniki-torgov-na-m5-po-nefti-br.txt
ZY18CSNYUtE,2019-07-16,16 июля 2019. Хроники торгов на М5 по нефти BR,12:24,417,,ru-orig,1629,https://www.youtube.com/watch?v=ZY18CSNYUtE,transcripts/2019-07-16_ZY18CSNYUtE_16-iyulya-2019-hroniki-torgov-na-m5-po-nefti-br.txt
dfWHcmkO9B0,2019-07-17,17 июля 2019. Хроники торгов на М5 по нефти BR,15:30,423,,ru-orig,1994,https://www.youtube.com/watch?v=dfWHcmkO9B0,transcripts/2019-07-17_dfWHcmkO9B0_17-iyulya-2019-hroniki-torgov-na-m5-po-nefti-br.txt
aieSC3FzB9M,2019-07-18,18 июля 2019. Хроники торгов на М5 по нефти BR,12:02,508,,ru-orig,1530,https://www.youtube.com/watch?v=aieSC3FzB9M,transcripts/2019-07-18_aieSC3FzB9M_18-iyulya-2019-hroniki-torgov-na-m5-po-nefti-br.txt
FzYROlL1Xaw,2019-07-19,19 июля 2019. Хроники торгов на М5 по нефти BR,15:11,462,,ru-orig,1825,https://www.youtube.com/watch?v=FzYROlL1Xaw,transcripts/2019-07-19_FzYROlL1Xaw_19-iyulya-2019-hroniki-torgov-na-m5-po-nefti-br.txt
Ro9kKj2xCCM,2019-07-22,22 июля 2019. Хроники торгов на М5 по нефти BR,29:56,485,,ru-orig,3973,https://www.youtube.com/watch?v=Ro9kKj2xCCM,transcripts/2019-07-22_Ro9kKj2xCCM_22-iyulya-2019-hroniki-torgov-na-m5-po-nefti-br.txt
e27i_q9znQk,2019-07-23,23 июля 2019. Хроники торгов на М5 по нефти BR,08:05,466,,ru-orig,1182,https://www.youtube.com/watch?v=e27i_q9znQk,transcripts/2019-07-23_e27i_q9znQk_23-iyulya-2019-hroniki-torgov-na-m5-po-nefti-br.txt
wAbplDetZM0,2019-07-24,24 июля 2019. Хроники торгов на М5 по BR и RTS,29:45,500,,ru-orig,3676,https://www.youtube.com/watch?v=wAbplDetZM0,transcripts/2019-07-24_wAbplDetZM0_24-iyulya-2019-hroniki-torgov-na-m5-po-br-i-rts.txt
g6zxyPD45EU,2019-07-25,25 июля 2019. Хроники торгов на М5 по BR и RTS,19:42,494,,ru-orig,2603,https://www.youtube.com/watch?v=g6zxyPD45EU,transcripts/2019-07-25_g6zxyPD45EU_25-iyulya-2019-hroniki-torgov-na-m5-po-br-i-rts.txt
NZ4PT1o6s5s,2019-07-26,"#018 Тренировки в ЗКТ ""Подполье трейдера"": определение контекста рынка на основе кластерного анализ",24:28,2921,,ru-orig,2399,https://www.youtube.com/watch?v=NZ4PT1o6s5s,transcripts/2019-07-26_NZ4PT1o6s5s_018-trenirovki-v-zkt-podpole-treydera-opredelenie-konteksta.txt
qLJqIU61O08,2019-07-26,26 июля 2019. Хроники торгов на М5 по BR и RTS,16:22,559,,ru-orig,2292,https://www.youtube.com/watch?v=qLJqIU61O08,transcripts/2019-07-26_qLJqIU61O08_26-iyulya-2019-hroniki-torgov-na-m5-po-br-i-rts.txt
mn_BfKgOQcg,2019-07-29,29 июля 2019. Хроники торгов на М5 по BR и RTS,09:34,416,,ru-orig,1441,https://www.youtube.com/watch?v=mn_BfKgOQcg,transcripts/2019-07-29_mn_BfKgOQcg_29-iyulya-2019-hroniki-torgov-na-m5-po-br-i-rts.txt
P3GZN6i-Nro,2019-07-30,30 июля 2019. Хроники торгов на М5 по BR и RTS,20:50,453,,ru-orig,2928,https://www.youtube.com/watch?v=P3GZN6i-Nro,transcripts/2019-07-30_P3GZN6i-Nro_30-iyulya-2019-hroniki-torgov-na-m5-po-br-i-rts.txt
qdQRApux8j8,2019-07-31,31 июля 2019. Хроники торгов на М5 по BR и RTS,14:02,405,,ru-orig,1975,https://www.youtube.com/watch?v=qdQRApux8j8,transcripts/2019-07-31_qdQRApux8j8_31-iyulya-2019-hroniki-torgov-na-m5-po-br-i-rts.txt
YIlyY5tTB3Q,2019-08-01,01 августа 2019. Хроники торгов на М5 по BR и RTS,12:33,563,,ru-orig,1703,https://www.youtube.com/watch?v=YIlyY5tTB3Q,transcripts/2019-08-01_YIlyY5tTB3Q_01-avgusta-2019-hroniki-torgov-na-m5-po-br-i-rts.txt
u2dBv6fRL7o,2019-08-02,02 августа 2019. Хроники торгов на М5 по BR и RTS,08:12,422,,,0,https://www.youtube.com/watch?v=u2dBv6fRL7o,
v2vi6NBOKPo,2019-08-05,05 августа 2019. Хроники торгов на М5 по BR и RTS,12:53,638,,ru-orig,1768,https://www.youtube.com/watch?v=v2vi6NBOKPo,transcripts/2019-08-05_v2vi6NBOKPo_05-avgusta-2019-hroniki-torgov-na-m5-po-br-i-rts.txt
cgIh4-QYtVA,2019-08-06,06 августа 2019. Хроники торгов на М5 по BR и RTS,11:13,613,,ru-orig,1492,https://www.youtube.com/watch?v=cgIh4-QYtVA,transcripts/2019-08-06_cgIh4-QYtVA_06-avgusta-2019-hroniki-torgov-na-m5-po-br-i-rts.txt
twSoxyxiaaA,2019-08-07,07 августа 2019. Хроники торгов на М5 по BR и RTS,15:06,537,,ru-orig,2017,https://www.youtube.com/watch?v=twSoxyxiaaA,transcripts/2019-08-07_twSoxyxiaaA_07-avgusta-2019-hroniki-torgov-na-m5-po-br-i-rts.txt
xM9WKO2tP8w,2019-08-08,08 августа 2019. Хроники торгов на М5 по BR и RTS,27:51,561,,ru-orig,3595,https://www.youtube.com/watch?v=xM9WKO2tP8w,transcripts/2019-08-08_xM9WKO2tP8w_08-avgusta-2019-hroniki-torgov-na-m5-po-br-i-rts.txt
jTCWlNXTaKo,2019-08-09,09 августа 2019. Хроники торгов на М5 по BR и RTS,13:43,574,,ru-orig,1809,https://www.youtube.com/watch?v=jTCWlNXTaKo,transcripts/2019-08-09_jTCWlNXTaKo_09-avgusta-2019-hroniki-torgov-na-m5-po-br-i-rts.txt
IqtOLnRTQj0,2019-08-12,12 августа 2019. Хроники торгов на М5 по BR и RTS,11:50,458,,ru-orig,1553,https://www.youtube.com/watch?v=IqtOLnRTQj0,transcripts/2019-08-12_IqtOLnRTQj0_12-avgusta-2019-hroniki-torgov-na-m5-po-br-i-rts.txt
foPw2mVF1Og,2019-08-13,13 августа 2019. Хроники торгов на М5 по BR и RTS,22:29,535,,ru-orig,3028,https://www.youtube.com/watch?v=foPw2mVF1Og,transcripts/2019-08-13_foPw2mVF1Og_13-avgusta-2019-hroniki-torgov-na-m5-po-br-i-rts.txt
A_rmdESwWmo,2019-08-14,14 августа 2019. Хроники торгов на М5 по BR и RTS,26:34,455,,ru-orig,3644,https://www.youtube.com/watch?v=A_rmdESwWmo,transcripts/2019-08-14_A_rmdESwWmo_14-avgusta-2019-hroniki-torgov-na-m5-po-br-i-rts.txt
amD93maz384,2019-08-15,15 августа 2019. Хроники торгов на М5 по BR и RTS,07:54,461,,ru-orig,1053,https://www.youtube.com/watch?v=amD93maz384,transcripts/2019-08-15_amD93maz384_15-avgusta-2019-hroniki-torgov-na-m5-po-br-i-rts.txt
UoITEiVF5yQ,2019-08-16,16 августа 2019. Хроники торгов на М5 по BR и RTS,13:03,460,,ru-orig,1652,https://www.youtube.com/watch?v=UoITEiVF5yQ,transcripts/2019-08-16_UoITEiVF5yQ_16-avgusta-2019-hroniki-torgov-na-m5-po-br-i-rts.txt
D07k_akk_kA,2019-08-19,19 августа 2019. Хроники торгов на М5 по BR и RTS,18:05,485,,ru-orig,2436,https://www.youtube.com/watch?v=D07k_akk_kA,transcripts/2019-08-19_D07k_akk_kA_19-avgusta-2019-hroniki-torgov-na-m5-po-br-i-rts.txt
hWdU1Ho7bos,2019-08-20,20 августа 2019. Хроники торгов на М5 по BR и RTS,17:31,488,,ru-orig,2495,https://www.youtube.com/watch?v=hWdU1Ho7bos,transcripts/2019-08-20_hWdU1Ho7bos_20-avgusta-2019-hroniki-torgov-na-m5-po-br-i-rts.txt
A0uaEqEHhIo,2019-08-21,21 августа 2019. Хроники торгов на М5 по BR и RTS,15:51,404,38,ru-orig,2161,https://www.youtube.com/watch?v=A0uaEqEHhIo,transcripts/2019-08-21_A0uaEqEHhIo_21-avgusta-2019-hroniki-torgov-na-m5-po-br-i-rts.txt
sGXFYyak0uE,2019-08-22,22 августа 2019. Хроники торгов на М5 по BR и RTS,11:12,493,,ru-orig,1525,https://www.youtube.com/watch?v=sGXFYyak0uE,transcripts/2019-08-22_sGXFYyak0uE_22-avgusta-2019-hroniki-torgov-na-m5-po-br-i-rts.txt
5wuDTjagDJI,2019-08-23,23 августа 2019. Хроники торгов на М5 по BR и RTS,16:03,579,,,0,https://www.youtube.com/watch?v=5wuDTjagDJI,
_GYZu9jN8Vk,2019-08-26,26 августа 2019. Хроники торгов на М5 по BR и RTS,14:16,554,,ru-orig,1941,https://www.youtube.com/watch?v=_GYZu9jN8Vk,transcripts/2019-08-26__GYZu9jN8Vk_26-avgusta-2019-hroniki-torgov-na-m5-po-br-i-rts.txt
QgBMzJfZ2nU,2019-08-27,27 августа 2019. Хроники торгов на М5 по BR и RTS,22:43,476,,ru-orig,3020,https://www.youtube.com/watch?v=QgBMzJfZ2nU,transcripts/2019-08-27_QgBMzJfZ2nU_27-avgusta-2019-hroniki-torgov-na-m5-po-br-i-rts.txt
MstixUySDfE,2019-08-28,28 августа 2019. Хроники торгов на М5 по BR и RTS,22:43,504,,ru-orig,2949,https://www.youtube.com/watch?v=MstixUySDfE,transcripts/2019-08-28_MstixUySDfE_28-avgusta-2019-hroniki-torgov-na-m5-po-br-i-rts.txt
-T3V-RuxH3Q,2019-08-29,29 августа 2019. Хроники торгов на М5 по BR и RTS,18:03,444,,ru-orig,2441,https://www.youtube.com/watch?v=-T3V-RuxH3Q,transcripts/2019-08-29_-T3V-RuxH3Q_29-avgusta-2019-hroniki-torgov-na-m5-po-br-i-rts.txt
kunJd35ySKQ,2019-08-30,30 августа 2019. Хроники торгов на М5 по BR и RTS,10:14,414,,ru-orig,1315,https://www.youtube.com/watch?v=kunJd35ySKQ,transcripts/2019-08-30_kunJd35ySKQ_30-avgusta-2019-hroniki-torgov-na-m5-po-br-i-rts.txt
I3rPkhcRePQ,2019-09-02,02 сентября 2019. Хроники торгов на М5 по BR и RTS,12:35,455,,ru-orig,1645,https://www.youtube.com/watch?v=I3rPkhcRePQ,transcripts/2019-09-02_I3rPkhcRePQ_02-sentyabrya-2019-hroniki-torgov-na-m5-po-br-i-rts.txt
7IbomhrXqac,2019-09-03,03 сентября 2019. Хроники торгов на М5 по BR и RTS,14:30,455,,ru-orig,1927,https://www.youtube.com/watch?v=7IbomhrXqac,transcripts/2019-09-03_7IbomhrXqac_03-sentyabrya-2019-hroniki-torgov-na-m5-po-br-i-rts.txt
vztVBKA0IlQ,2019-09-04,04 сентября 2019. Хроники торгов на М5 по BR и RTS,22:31,428,,ru-orig,3007,https://www.youtube.com/watch?v=vztVBKA0IlQ,transcripts/2019-09-04_vztVBKA0IlQ_04-sentyabrya-2019-hroniki-torgov-na-m5-po-br-i-rts.txt
mH7_dTpIG4o,2019-09-05,05 сентября 2019. Хроники торгов на М5 по BR и RTS,13:53,395,,ru-orig,1779,https://www.youtube.com/watch?v=mH7_dTpIG4o,transcripts/2019-09-05_mH7_dTpIG4o_05-sentyabrya-2019-hroniki-torgov-na-m5-po-br-i-rts.txt
60OeQrc0puM,2019-09-06,06 сентября 2019. Хроники торгов на М5 по BR и RTS,16:07,617,,ru-orig,2061,https://www.youtube.com/watch?v=60OeQrc0puM,transcripts/2019-09-06_60OeQrc0puM_06-sentyabrya-2019-hroniki-torgov-na-m5-po-br-i-rts.txt
lDg35wLWDQg,2019-09-23,23 сентября 2019. Хроники торгов на М5 по BR и RTS,13:30,498,,ru-orig,1709,https://www.youtube.com/watch?v=lDg35wLWDQg,transcripts/2019-09-23_lDg35wLWDQg_23-sentyabrya-2019-hroniki-torgov-na-m5-po-br-i-rts.txt
SC_fUj_Lu88,2019-09-24,24 сентября 2019. Хроники торгов на М5 по BR и RTS,09:02,365,45,ru-orig,1137,https://www.youtube.com/watch?v=SC_fUj_Lu88,transcripts/2019-09-24_SC_fUj_Lu88_24-sentyabrya-2019-hroniki-torgov-na-m5-po-br-i-rts.txt
rCvZVBrXpqE,2019-09-25,25 сентября 2019. Хроники торгов на М5 по BR и RTS,22:26,364,33,ru-orig,2850,https://www.youtube.com/watch?v=rCvZVBrXpqE,transcripts/2019-09-25_rCvZVBrXpqE_25-sentyabrya-2019-hroniki-torgov-na-m5-po-br-i-rts.txt
dOzw_12DLeU,2019-09-26,26 сентября 2019. Хроники торгов на М5 по BR и RTS,11:17,337,,ru-orig,1464,https://www.youtube.com/watch?v=dOzw_12DLeU,transcripts/2019-09-26_dOzw_12DLeU_26-sentyabrya-2019-hroniki-torgov-na-m5-po-br-i-rts.txt
UT07VEviHTU,2019-09-27,27 сентября 2019. Хроники торгов на М5 по BR и RTS,10:46,430,,ru-orig,1440,https://www.youtube.com/watch?v=UT07VEviHTU,transcripts/2019-09-27_UT07VEviHTU_27-sentyabrya-2019-hroniki-torgov-na-m5-po-br-i-rts.txt
C7SN4KPebgU,2019-09-30,30 сентября 2019. Хроники торгов на М5 по BR и RTS,15:57,368,,ru-orig,2164,https://www.youtube.com/watch?v=C7SN4KPebgU,transcripts/2019-09-30_C7SN4KPebgU_30-sentyabrya-2019-hroniki-torgov-na-m5-po-br-i-rts.txt
AcmkKH0bIGs,2019-10-01,01 октября 2019. Хроники торгов на М5 по BR и RTS,22:50,433,,ru-orig,3047,https://www.youtube.com/watch?v=AcmkKH0bIGs,transcripts/2019-10-01_AcmkKH0bIGs_01-oktyabrya-2019-hroniki-torgov-na-m5-po-br-i-rts.txt
Bkq64YVtEtM,2019-10-02,02 октября 2019. Хроники торгов на М5 по BR и RTS,11:56,306,,ru-orig,1555,https://www.youtube.com/watch?v=Bkq64YVtEtM,transcripts/2019-10-02_Bkq64YVtEtM_02-oktyabrya-2019-hroniki-torgov-na-m5-po-br-i-rts.txt
w2Hx1CxSAK8,2019-10-03,03 октября 2019. Хроники торгов на М5 по BR и RTS,10:24,350,,ru-orig,1380,https://www.youtube.com/watch?v=w2Hx1CxSAK8,transcripts/2019-10-03_w2Hx1CxSAK8_03-oktyabrya-2019-hroniki-torgov-na-m5-po-br-i-rts.txt
5q0zFQ8Dl10,2019-10-04,04 октября 2019. Хроники торгов на М5 по BR и RTS,08:38,316,,ru-orig,1118,https://www.youtube.com/watch?v=5q0zFQ8Dl10,transcripts/2019-10-04_5q0zFQ8Dl10_04-oktyabrya-2019-hroniki-torgov-na-m5-po-br-i-rts.txt
FFxB918DPmU,2019-10-07,07 октября 2019. Хроники торгов на М5 по BR и RTS,09:37,338,,ru-orig,1230,https://www.youtube.com/watch?v=FFxB918DPmU,transcripts/2019-10-07_FFxB918DPmU_07-oktyabrya-2019-hroniki-torgov-na-m5-po-br-i-rts.txt
7F63Hlnh_9Y,2019-10-08,08 октября 2019. Хроники торгов на М5 по BR и RTS,10:50,354,,ru-orig,1342,https://www.youtube.com/watch?v=7F63Hlnh_9Y,transcripts/2019-10-08_7F63Hlnh_9Y_08-oktyabrya-2019-hroniki-torgov-na-m5-po-br-i-rts.txt
c7kNtq21PjU,2019-10-09,09 октября 2019. Хроники торгов на М5 по BR и RTS,12:16,328,,ru-orig,1649,https://www.youtube.com/watch?v=c7kNtq21PjU,transcripts/2019-10-09_c7kNtq21PjU_09-oktyabrya-2019-hroniki-torgov-na-m5-po-br-i-rts.txt
hIYn0Dy44So,2019-10-10,10 октября 2019. Хроники торгов на М5 по BR и RTS,12:26,331,,ru-orig,1633,https://www.youtube.com/watch?v=hIYn0Dy44So,transcripts/2019-10-10_hIYn0Dy44So_10-oktyabrya-2019-hroniki-torgov-na-m5-po-br-i-rts.txt
5Io2Yf8CaQg,2019-10-11,11 октября 2019. Хроники торгов на М5 по BR и RTS,14:31,394,,ru-orig,1903,https://www.youtube.com/watch?v=5Io2Yf8CaQg,transcripts/2019-10-11_5Io2Yf8CaQg_11-oktyabrya-2019-hroniki-torgov-na-m5-po-br-i-rts.txt
VPHeRA_HD-A,2019-10-14,14 октября 2019. Хроники торгов на М5 по BR и RTS,17:44,349,,ru-orig,2366,https://www.youtube.com/watch?v=VPHeRA_HD-A,transcripts/2019-10-14_VPHeRA_HD-A_14-oktyabrya-2019-hroniki-torgov-na-m5-po-br-i-rts.txt
SpZa03uO8Hc,2019-10-15,15 октября 2019. Хроники торгов на М5 по BR и RTS,10:51,373,,ru-orig,1422,https://www.youtube.com/watch?v=SpZa03uO8Hc,transcripts/2019-10-15_SpZa03uO8Hc_15-oktyabrya-2019-hroniki-torgov-na-m5-po-br-i-rts.txt
bYWa6ZdrDhE,2019-10-16,16 октября 2019. Хроники торгов на М5 по BR и RTS,15:43,389,,ru-orig,2040,https://www.youtube.com/watch?v=bYWa6ZdrDhE,transcripts/2019-10-16_bYWa6ZdrDhE_16-oktyabrya-2019-hroniki-torgov-na-m5-po-br-i-rts.txt
KyPhr29Eohs,2019-10-17,17 октября 2019. Хроники торгов на М5 по BR и RTS,12:50,366,,ru-orig,1682,https://www.youtube.com/watch?v=KyPhr29Eohs,transcripts/2019-10-17_KyPhr29Eohs_17-oktyabrya-2019-hroniki-torgov-na-m5-po-br-i-rts.txt
SlA4NlzoT_U,2019-10-18,18 октября 2019. Хроники торгов на М5 по BR и RTS,18:19,398,,ru-orig,2383,https://www.youtube.com/watch?v=SlA4NlzoT_U,transcripts/2019-10-18_SlA4NlzoT_U_18-oktyabrya-2019-hroniki-torgov-na-m5-po-br-i-rts.txt
XqoSoemebuo,2019-10-19,Таблица расчета риска на сделку,12:43,6903,186,ru-orig,1594,https://www.youtube.com/watch?v=XqoSoemebuo,transcripts/2019-10-19_XqoSoemebuo_tablitsa-rascheta-riska-na-sdelku.txt
_HNhbUMY_UQ,2019-10-21,21 октября 2019. Хроники торгов на М5 по BR и RTS,15:53,426,,ru-orig,2080,https://www.youtube.com/watch?v=_HNhbUMY_UQ,transcripts/2019-10-21__HNhbUMY_UQ_21-oktyabrya-2019-hroniki-torgov-na-m5-po-br-i-rts.txt
KO-YqryeJ7k,2019-10-22,22 октября 2019. Хроники торгов на М5 по BR и RTS,15:53,456,,ru-orig,2082,https://www.youtube.com/watch?v=KO-YqryeJ7k,transcripts/2019-10-22_KO-YqryeJ7k_22-oktyabrya-2019-hroniki-torgov-na-m5-po-br-i-rts.txt
KvzFd55NWOA,2019-10-23,23 октября 2019. Хроники торгов на М5 по BR и RTS,10:44,273,,ru-orig,1414,https://www.youtube.com/watch?v=KvzFd55NWOA,transcripts/2019-10-23_KvzFd55NWOA_23-oktyabrya-2019-hroniki-torgov-na-m5-po-br-i-rts.txt
Ll6Lilu297o,2019-10-24,24 октября 2019. Хроники торгов на М5 по BR и RTS,09:02,354,,ru-orig,1190,https://www.youtube.com/watch?v=Ll6Lilu297o,transcripts/2019-10-24_Ll6Lilu297o_24-oktyabrya-2019-hroniki-torgov-na-m5-po-br-i-rts.txt
iMwSPvHBpcU,2019-10-25,25 октября 2019. Хроники торгов на М5 по BR и RTS,07:36,412,,ru-orig,969,https://www.youtube.com/watch?v=iMwSPvHBpcU,transcripts/2019-10-25_iMwSPvHBpcU_25-oktyabrya-2019-hroniki-torgov-na-m5-po-br-i-rts.txt
IwSdfluavMY,2019-10-28,28 октября 2019. Хроники торгов на М5 по BR и RTS,14:23,337,,ru-orig,1816,https://www.youtube.com/watch?v=IwSdfluavMY,transcripts/2019-10-28_IwSdfluavMY_28-oktyabrya-2019-hroniki-torgov-na-m5-po-br-i-rts.txt
QyiOAOyPhKs,2019-10-29,"Расширенный утренний обзор BR, RTS, SI, SR от 2019 10 29",25:05,522,,ru-orig,3093,https://www.youtube.com/watch?v=QyiOAOyPhKs,transcripts/2019-10-29_QyiOAOyPhKs_rasshirennyy-utrenniy-obzor-br-rts-si-sr-ot-2019-10-29.txt
UvTevzG4eU8,2019-10-30,"30 октября 2019 обзор рынка BR, RTS, SI, SR на основе кластерного анализа",19:05,304,,ru-orig,2531,https://www.youtube.com/watch?v=UvTevzG4eU8,transcripts/2019-10-30_UvTevzG4eU8_30-oktyabrya-2019-obzor-rynka-br-rts-si-sr-na-osnove-klaster.txt
Wg0xT3I_POw,2019-10-31,"31 октября 2019 обзор рынка BR, RTS, SI, SR на основе кластерного анализа",26:55,463,,ru-orig,3273,https://www.youtube.com/watch?v=Wg0xT3I_POw,transcripts/2019-10-31_Wg0xT3I_POw_31-oktyabrya-2019-obzor-rynka-br-rts-si-sr-na-osnove-klaster.txt
LQ5EL1oHtMA,2019-11-01,"1 ноября 2019 обзор рынка BR, RTS, SI, SR на основе кластерного анализа",29:30,454,38,ru-orig,3629,https://www.youtube.com/watch?v=LQ5EL1oHtMA,transcripts/2019-11-01_LQ5EL1oHtMA_1-noyabrya-2019-obzor-rynka-br-rts-si-sr-na-osnove-klasterno.txt
YrK3fMicnZs,2019-11-05,"5 ноября 2019 обзор рынка BR, RTS, SI, SR на основе кластерного анализа",17:34,479,,ru-orig,2182,https://www.youtube.com/watch?v=YrK3fMicnZs,transcripts/2019-11-05_YrK3fMicnZs_5-noyabrya-2019-obzor-rynka-br-rts-si-sr-na-osnove-klasterno.txt
0XwYLeFtYbw,2019-11-06,"6 ноября 2019 обзор рынка BR, RTS, SI, SR на основе кластерного анализа",25:41,326,,ru-orig,3252,https://www.youtube.com/watch?v=0XwYLeFtYbw,transcripts/2019-11-06_0XwYLeFtYbw_6-noyabrya-2019-obzor-rynka-br-rts-si-sr-na-osnove-klasterno.txt
LPGlUlcT6Fo,2019-11-07,"7 ноября 2019 обзор рынка BR, RTS, SI, SR на основе кластерного анализа",29:28,452,,ru-orig,3568,https://www.youtube.com/watch?v=LPGlUlcT6Fo,transcripts/2019-11-07_LPGlUlcT6Fo_7-noyabrya-2019-obzor-rynka-br-rts-si-sr-na-osnove-klasterno.txt
YVioFjNzbCA,2019-11-08,"8 ноября 2019 обзор рынка BR, RTS, SI, SR на основе кластерного анализа",19:48,402,,ru-orig,2323,https://www.youtube.com/watch?v=YVioFjNzbCA,transcripts/2019-11-08_YVioFjNzbCA_8-noyabrya-2019-obzor-rynka-br-rts-si-sr-na-osnove-klasterno.txt
tM3-06Gq4gc,2019-11-11,"11 ноября 2019 обзор рынка BR, RTS, SI, SR на основе кластерного анализа",24:28,473,,ru-orig,3158,https://www.youtube.com/watch?v=tM3-06Gq4gc,transcripts/2019-11-11_tM3-06Gq4gc_11-noyabrya-2019-obzor-rynka-br-rts-si-sr-na-osnove-klastern.txt
C29iRNAsi_0,2019-11-12,"12 ноября 2019 обзор рынка BR, RTS, SI, SR на основе кластерного анализа",25:31,417,,ru-orig,3088,https://www.youtube.com/watch?v=C29iRNAsi_0,transcripts/2019-11-12_C29iRNAsi_0_12-noyabrya-2019-obzor-rynka-br-rts-si-sr-na-osnove-klastern.txt
uHn2KPT-ixg,2019-11-13,"13 ноября 2019 обзор рынка BR, RTS, SI, SR на основе кластерного анализа",17:16,393,,ru-orig,2204,https://www.youtube.com/watch?v=uHn2KPT-ixg,transcripts/2019-11-13_uHn2KPT-ixg_13-noyabrya-2019-obzor-rynka-br-rts-si-sr-na-osnove-klastern.txt
AVCNx3qWnqA,2019-11-14,"14 ноября 2019 обзор рынка BR, RTS, SI, SR на основе кластерного анализа",21:43,521,,ru-orig,2757,https://www.youtube.com/watch?v=AVCNx3qWnqA,transcripts/2019-11-14_AVCNx3qWnqA_14-noyabrya-2019-obzor-rynka-br-rts-si-sr-na-osnove-klastern.txt
DE30B4e637o,2019-11-15,"15 ноября 2019 обзор рынка BR, RTS, SI, SR на основе кластерного анализа",31:50,482,,ru-orig,3892,https://www.youtube.com/watch?v=DE30B4e637o,transcripts/2019-11-15_DE30B4e637o_15-noyabrya-2019-obzor-rynka-br-rts-si-sr-na-osnove-klastern.txt
RfK0vQr4Ed4,2019-11-18,"18 ноября 2019 обзор рынка BR, RTS, SI, SR на основе кластерного анализа",20:32,556,,ru-orig,2626,https://www.youtube.com/watch?v=RfK0vQr4Ed4,transcripts/2019-11-18_RfK0vQr4Ed4_18-noyabrya-2019-obzor-rynka-br-rts-si-sr-na-osnove-klastern.txt
inogFH4h2UU,2019-11-19,"19 ноября 2019 обзор рынка BR, RTS, SI, SR на основе кластерного анализа",19:23,563,,ru-orig,2587,https://www.youtube.com/watch?v=inogFH4h2UU,transcripts/2019-11-19_inogFH4h2UU_19-noyabrya-2019-obzor-rynka-br-rts-si-sr-na-osnove-klastern.txt
We1B52GPdZg,2019-11-21,"21 ноября 2019 обзор рынка BR, RTS, SI, SR на основе кластерного анализа",20:23,404,,ru-orig,2558,https://www.youtube.com/watch?v=We1B52GPdZg,transcripts/2019-11-21_We1B52GPdZg_21-noyabrya-2019-obzor-rynka-br-rts-si-sr-na-osnove-klastern.txt
A0JgcCOpO-o,2019-11-22,"22 ноября 2019 обзор рынка BR, RTS, SI, SR на основе кластерного анализа",18:24,538,,ru-orig,2338,https://www.youtube.com/watch?v=A0JgcCOpO-o,transcripts/2019-11-22_A0JgcCOpO-o_22-noyabrya-2019-obzor-rynka-br-rts-si-sr-na-osnove-klastern.txt
j9XbgXtoiAE,2019-11-24,Урок №6_ оценка импульса пробоя JOC и BUI (теория). Кластерный анализ.,36:27,12068,524,ru-orig,4293,https://www.youtube.com/watch?v=j9XbgXtoiAE,transcripts/2019-11-24_j9XbgXtoiAE_urok-6-otsenka-impulsa-proboya-joc-i-bui-teoriya-klasternyy.txt
cBEHAmMcGBI,2019-11-25,"25 ноября 2019 обзор рынка BR, RTS, SI, SR на основе кластерного анализа",20:54,554,,,0,https://www.youtube.com/watch?v=cBEHAmMcGBI,
jqMoR83eeUQ,2019-11-26,"26 ноября 2019 обзор рынка BR, RTS, SI, SR на основе кластерного анализа",10:44,459,,ru-orig,1425,https://www.youtube.com/watch?v=jqMoR83eeUQ,transcripts/2019-11-26_jqMoR83eeUQ_26-noyabrya-2019-obzor-rynka-br-rts-si-sr-na-osnove-klastern.txt
ns1unI0MNVw,2019-11-27,"27 ноября 2019 обзор рынка BR, RTS, SI, SR на основе кластерного анализа",29:30,519,,ru-orig,3677,https://www.youtube.com/watch?v=ns1unI0MNVw,transcripts/2019-11-27_ns1unI0MNVw_27-noyabrya-2019-obzor-rynka-br-rts-si-sr-na-osnove-klastern.txt
sMCgpX5y6LI,2019-11-28,"28 ноября 2019 обзор рынка BR, RTS, SI, SR на основе кластерного анализа",26:41,593,,ru-orig,3315,https://www.youtube.com/watch?v=sMCgpX5y6LI,transcripts/2019-11-28_sMCgpX5y6LI_28-noyabrya-2019-obzor-rynka-br-rts-si-sr-na-osnove-klastern.txt
hpy5s87BhMk,2019-11-29,"29 ноября 2019 обзор рынка BR, RTS, SI, SR на основе кластерного анализа",22:44,1042,,ru-orig,2874,https://www.youtube.com/watch?v=hpy5s87BhMk,transcripts/2019-11-29_hpy5s87BhMk_29-noyabrya-2019-obzor-rynka-br-rts-si-sr-na-osnove-klastern.txt
Jz72KjIosiU,2019-12-01,"Урок №1_ Кластерный анализ, первое знакомство (теория).",29:46,40546,1128,ru-orig,3560,https://www.youtube.com/watch?v=Jz72KjIosiU,transcripts/2019-12-01_Jz72KjIosiU_urok-1-klasternyy-analiz-pervoe-znakomstvo-teoriya.txt
blqo6d0oHI4,2019-12-02,02 декабря 2019 обзор рынка на основе кластерного анализа,24:17,939,,ru-orig,3143,https://www.youtube.com/watch?v=blqo6d0oHI4,transcripts/2019-12-02_blqo6d0oHI4_02-dekabrya-2019-obzor-rynka-na-osnove-klasternogo-analiza.txt
mHambpIAFLM,2019-12-07,Урок №5_ индикаторы ClusterSearch и ClusterStatistic. Кластерный анализ.,29:12,12896,383,ru-orig,3656,https://www.youtube.com/watch?v=mHambpIAFLM,transcripts/2019-12-07_mHambpIAFLM_urok-5-indikatory-clustersearch-i-clusterstatistic-klasterny.txt
R3j9SyeTrjY,2019-12-15,Урок №7_ система оценки пин-баров (теория). Кластерный анализ.,08:10,6069,240,ru-orig,1114,https://www.youtube.com/watch?v=R3j9SyeTrjY,transcripts/2019-12-15_R3j9SyeTrjY_urok-7-sistema-otsenki-pin-barov-teoriya-klasternyy-analiz.txt
nMhPwDHjhcE,2019-12-22,"Урок №8_ структура сигнала манипуляции, ЛП, SP, UT (теория). Кластерный анализ.",29:08,8083,306,ru-orig,3770,https://www.youtube.com/watch?v=nMhPwDHjhcE,transcripts/2019-12-22_nMhPwDHjhcE_urok-8-struktura-signala-manipulyatsii-lp-sp-ut-teoriya-klas.txt
GjqZ32H0Nfc,2019-12-28,"Урок №9_ следы крупных игроков, консолидация объемов, фаза накопления. Кластерный анализ.",55:47,13824,416,ru-orig,7263,https://www.youtube.com/watch?v=GjqZ32H0Nfc,transcripts/2019-12-28_GjqZ32H0Nfc_urok-9-sledy-krupnyh-igrokov-konsolidatsiya-obemov-faza-nako.txt
74nT2SQWqT4,2020-01-10,Первоначальная настройка TigerTrade,01:20:18,22401,435,ru-orig,9449,https://www.youtube.com/watch?v=74nT2SQWqT4,transcripts/2020-01-10_74nT2SQWqT4_pervonachalnaya-nastroyka-tigertrade.txt
f-bFN4663S0,2020-02-04,Урок №10_ поглощение и продавливание на основе кластерного анализа. Кластерный анализ.,15:49,5713,217,ru-orig,2007,https://www.youtube.com/watch?v=f-bFN4663S0,transcripts/2020-02-04_f-bFN4663S0_urok-10-pogloschenie-i-prodavlivanie-na-osnove-klasternogo-a.txt
0pOLLbtifI0,2020-03-16,Недельный контекст рынка от 16.03.2020 на основе кластерного анализ,24:19,646,,ru-orig,3030,https://www.youtube.com/watch?v=0pOLLbtifI0,transcripts/2020-03-16_0pOLLbtifI0_nedelnyy-kontekst-rynka-ot-16-03-2020-na-osnove-klasternogo.txt
oGe-wH7XGNk,2020-03-22,Урок №11_ оценка опорного бара на основе кластерного анализа.  Кластерный анализ.,11:26,4576,220,ru-orig,1334,https://www.youtube.com/watch?v=oGe-wH7XGNk,transcripts/2020-03-22_oGe-wH7XGNk_urok-11-otsenka-opornogo-bara-na-osnove-klasternogo-analiza.txt
St4i6WyiPok,2020-03-23,Недельный контекст рынка от 23.03.2020 на основе кластерного анализ. Поиск ключевых зон и уровней.,27:14,780,,ru-orig,2960,https://www.youtube.com/watch?v=St4i6WyiPok,transcripts/2020-03-23_St4i6WyiPok_nedelnyy-kontekst-rynka-ot-23-03-2020-na-osnove-klasternogo.txt
NolphspHlnY,2020-03-30,Недельный контекст рынка от 30.03.2020 на основе кластерного анализ. Поиск ключевых зон и уровней.,22:54,634,,ru-orig,3219,https://www.youtube.com/watch?v=NolphspHlnY,transcripts/2020-03-30_NolphspHlnY_nedelnyy-kontekst-rynka-ot-30-03-2020-na-osnove-klasternogo.txt
KvoOxABlZ6Q,2020-04-05,Торговый чат школы,06:55,2398,,ru-orig,918,https://www.youtube.com/watch?v=KvoOxABlZ6Q,transcripts/2020-04-05_KvoOxABlZ6Q_torgovyy-chat-shkoly.txt
2Xa5whsvyOY,2020-04-06,Недельный контекст рынка от 06.04.2020 на основе кластерного анализ. Поиск ключевых зон и уровней.,21:54,584,,ru-orig,2991,https://www.youtube.com/watch?v=2Xa5whsvyOY,transcripts/2020-04-06_2Xa5whsvyOY_nedelnyy-kontekst-rynka-ot-06-04-2020-na-osnove-klasternogo.txt
q5S1KB9U0Fk,2020-04-13,Недельный контекст рынка от 13 04 2020,13:01,691,,ru-orig,1732,https://www.youtube.com/watch?v=q5S1KB9U0Fk,transcripts/2020-04-13_q5S1KB9U0Fk_nedelnyy-kontekst-rynka-ot-13-04-2020.txt
l2t7JpIfgkM,2020-04-20,Поиск объемных зон и лимитных уровней от 20.04.2020. Контекст рынка на основе кластерного анализ.,16:14,799,,ru-orig,2207,https://www.youtube.com/watch?v=l2t7JpIfgkM,transcripts/2020-04-20_l2t7JpIfgkM_poisk-obemnyh-zon-i-limitnyh-urovney-ot-20-04-2020-kontekst.txt
h0QWFLcvQYc,2020-04-27,Поиск объемных зон и лимитных уровней от 27.04.2020. Контекст рынка на основе кластерного анализ.,15:36,814,,ru-orig,2044,https://www.youtube.com/watch?v=h0QWFLcvQYc,transcripts/2020-04-27_h0QWFLcvQYc_poisk-obemnyh-zon-i-limitnyh-urovney-ot-27-04-2020-kontekst.txt
pFatUdQaqkw,2020-05-18,Поиск объемных зон и лимитных уровней от 18.05.2020. Контекст рынка на основе кластерного анализ.,20:52,754,,ru-orig,2736,https://www.youtube.com/watch?v=pFatUdQaqkw,transcripts/2020-05-18_pFatUdQaqkw_poisk-obemnyh-zon-i-limitnyh-urovney-ot-18-05-2020-kontekst.txt
f8p8WMxj8PU,2020-05-25,Поиск объемных зон и лимитных уровней от 25.05.2020. Контекст рынка на основе кластерного анализ.,22:24,680,,ru-orig,3001,https://www.youtube.com/watch?v=f8p8WMxj8PU,transcripts/2020-05-25_f8p8WMxj8PU_poisk-obemnyh-zon-i-limitnyh-urovney-ot-25-05-2020-kontekst.txt
GWVjt3raI2E,2020-05-26,Урок №12_ кластерный анализ при работе с акциями.,37:39,4192,115,ru-orig,4867,https://www.youtube.com/watch?v=GWVjt3raI2E,transcripts/2020-05-26_GWVjt3raI2E_urok-12-klasternyy-analiz-pri-rabote-s-aktsiyami.txt
nHGWwy2LkDk,2020-06-01,Поиск объемных зон и лимитных уровней от 01.06.2020. Контекст рынка на основе кластерного анализ.,19:18,673,,ru-orig,2618,https://www.youtube.com/watch?v=nHGWwy2LkDk,transcripts/2020-06-01_nHGWwy2LkDk_poisk-obemnyh-zon-i-limitnyh-urovney-ot-01-06-2020-kontekst.txt
IBZOoT7vPWA,2020-06-08,Поиск объемных зон и лимитных уровней от 08.06.2020. Контекст рынка на основе кластерного анализ.,14:07,591,,ru-orig,1908,https://www.youtube.com/watch?v=IBZOoT7vPWA,transcripts/2020-06-08_IBZOoT7vPWA_poisk-obemnyh-zon-i-limitnyh-urovney-ot-08-06-2020-kontekst.txt
-UvuzWUlWFk,2020-06-15,Поиск объемных зон и лимитных уровней от 15.06.2020.,10:43,503,,ru-orig,1529,https://www.youtube.com/watch?v=-UvuzWUlWFk,transcripts/2020-06-15_-UvuzWUlWFk_poisk-obemnyh-zon-i-limitnyh-urovney-ot-15-06-2020.txt
hi3zEGn6RvU,2020-06-21,Разбор акций по заявкам от подписчиков 21.06.2020,46:33,557,,ru-orig,6231,https://www.youtube.com/watch?v=hi3zEGn6RvU,transcripts/2020-06-21_hi3zEGn6RvU_razbor-aktsiy-po-zayavkam-ot-podpischikov-21-06-2020.txt
JkHVa-fqv3Q,2020-06-22,Поиск объемных зон и лимитных уровней от 22.06.2020.,12:44,664,,ru-orig,1660,https://www.youtube.com/watch?v=JkHVa-fqv3Q,transcripts/2020-06-22_JkHVa-fqv3Q_poisk-obemnyh-zon-i-limitnyh-urovney-ot-22-06-2020.txt
DFAPjBYYfMM,2020-06-29,Поиск объемных зон и лимитных уровней от 29.06.2020.,16:17,763,,ru-orig,2241,https://www.youtube.com/watch?v=DFAPjBYYfMM,transcripts/2020-06-29_DFAPjBYYfMM_poisk-obemnyh-zon-i-limitnyh-urovney-ot-29-06-2020.txt
ICVl-wHXH8U,2020-06-29,Разбор акции ГАЗПРОМА по заявке от подписчиков 29.06.2020.,13:18,548,,ru-orig,1767,https://www.youtube.com/watch?v=ICVl-wHXH8U,transcripts/2020-06-29_ICVl-wHXH8U_razbor-aktsii-gazproma-po-zayavke-ot-podpischikov-29-06-2020.txt
PeAHSRJaxbY,2020-07-06,Разбор акций по заявке от подписчиков 06 07 2020,35:47,585,,ru-orig,4587,https://www.youtube.com/watch?v=PeAHSRJaxbY,transcripts/2020-07-06_PeAHSRJaxbY_razbor-aktsiy-po-zayavke-ot-podpischikov-06-07-2020.txt
NUomve9VqZk,2020-07-12,Разбор акций по заявке от подписчиков 12 07 2020 (Мечел и Аптеки 36.6),24:56,653,,ru-orig,3265,https://www.youtube.com/watch?v=NUomve9VqZk,transcripts/2020-07-12_NUomve9VqZk_razbor-aktsiy-po-zayavke-ot-podpischikov-12-07-2020-mechel-i.txt
F3wjlYEnhYE,2020-07-13,Поиск объемных зон и лимитных уровней от 13.07.2020,20:35,934,,ru-orig,2700,https://www.youtube.com/watch?v=F3wjlYEnhYE,transcripts/2020-07-13_F3wjlYEnhYE_poisk-obemnyh-zon-i-limitnyh-urovney-ot-13-07-2020.txt
azrQ15CRDm0,2020-07-16,Утренний обзор от 16 июля 2020,12:02,783,,ru-orig,1661,https://www.youtube.com/watch?v=azrQ15CRDm0,transcripts/2020-07-16_azrQ15CRDm0_utrenniy-obzor-ot-16-iyulya-2020.txt
f7xuoYq6AnU,2020-07-18,Типы ордеров и торговый модуль в TigerTrade: торговля с графика,35:04,12591,358,ru-orig,4542,https://www.youtube.com/watch?v=f7xuoYq6AnU,transcripts/2020-07-18_f7xuoYq6AnU_tipy-orderov-i-torgovyy-modul-v-tigertrade-torgovlya-s-grafi.txt
Qc_p4VhLqXs,2020-07-19,Разбор акций по заявкам от подписчиков 19 07 2020,15:56,953,,ru-orig,2168,https://www.youtube.com/watch?v=Qc_p4VhLqXs,transcripts/2020-07-19_Qc_p4VhLqXs_razbor-aktsiy-po-zayavkam-ot-podpischikov-19-07-2020.txt
HaeKBBmc1yw,2020-07-22,Утренний обзор от 22 июля 2020,19:11,2129,,ru-orig,2501,https://www.youtube.com/watch?v=HaeKBBmc1yw,transcripts/2020-07-22_HaeKBBmc1yw_utrenniy-obzor-ot-22-iyulya-2020.txt
6_IZ-ZjR-FU,2021-02-15,Основы тенденции: правило двух импульсов проверка ДЗ часть #1,35:33,2662,,ru-orig,4257,https://www.youtube.com/watch?v=6_IZ-ZjR-FU,transcripts/2021-02-15_6_IZ-ZjR-FU_osnovy-tendentsii-pravilo-dvuh-impulsov-proverka-dz-chast-1.txt
nupdNFp9KFc,2021-02-15,Основы тенденции: правило двух импульсов проверка ДЗ часть #2,26:26,1645,,ru-orig,2873,https://www.youtube.com/watch?v=nupdNFp9KFc,transcripts/2021-02-15_nupdNFp9KFc_osnovy-tendentsii-pravilo-dvuh-impulsov-proverka-dz-chast-2.txt
Nt0IXWXsCvk,2021-02-15,Основы тенденции: правило двух импульсов проверка ДЗ часть #3,28:04,1068,,ru-orig,2611,https://www.youtube.com/watch?v=Nt0IXWXsCvk,transcripts/2021-02-15_Nt0IXWXsCvk_osnovy-tendentsii-pravilo-dvuh-impulsov-proverka-dz-chast-3.txt
TxLj4r0JJ40,2021-02-15,Основы тенденции: правило двух импульсов проверка ДЗ часть #4,18:45,710,,ru-orig,1697,https://www.youtube.com/watch?v=TxLj4r0JJ40,transcripts/2021-02-15_TxLj4r0JJ40_osnovy-tendentsii-pravilo-dvuh-impulsov-proverka-dz-chast-4.txt
SSoDiei6HDQ,2021-02-15,Основы тенденции: правило двух импульсов проверка ДЗ часть #5,45:04,856,,ru-orig,3825,https://www.youtube.com/watch?v=SSoDiei6HDQ,transcripts/2021-02-15_SSoDiei6HDQ_osnovy-tendentsii-pravilo-dvuh-impulsov-proverka-dz-chast-5.txt
BJ5IswgHnqY,2021-02-15,Основы тенденции: правило двух импульсов проверка ДЗ часть #6,32:30,769,,ru-orig,3292,https://www.youtube.com/watch?v=BJ5IswgHnqY,transcripts/2021-02-15_BJ5IswgHnqY_osnovy-tendentsii-pravilo-dvuh-impulsov-proverka-dz-chast-6.txt
Vbfc7g9sF2o,2021-02-15,Основы тенденции: правило двух импульсов проверка ДЗ часть #7,41:31,866,,ru-orig,4076,https://www.youtube.com/watch?v=Vbfc7g9sF2o,transcripts/2021-02-15_Vbfc7g9sF2o_osnovy-tendentsii-pravilo-dvuh-impulsov-proverka-dz-chast-7.txt
Q-635jEDzLY,2021-02-15,Основы тенденции: правило двух импульсов ч.1,41:06,13478,310,ru-orig,5046,https://www.youtube.com/watch?v=Q-635jEDzLY,transcripts/2021-02-15_Q-635jEDzLY_osnovy-tendentsii-pravilo-dvuh-impulsov-ch-1.txt
wgb9fequfpc,2021-04-29,Добавление индикатора открытых позиций в QUIK. Индикатор ОИ,04:57,4068,116,ru-orig,630,https://www.youtube.com/watch?v=wgb9fequfpc,transcripts/2021-04-29_wgb9fequfpc_dobavlenie-indikatora-otkrytyh-pozitsiy-v-quik-indikator-oi.txt
iep4ogwiqns,2021-05-11,Основы тенденции: конструктор тенденции и захват ликвидности часть ч.1,42:50,6696,250,ru-orig,5715,https://www.youtube.com/watch?v=iep4ogwiqns,transcripts/2021-05-11_iep4ogwiqns_osnovy-tendentsii-konstruktor-tendentsii-i-zahvat-likvidnost.txt
1mROmgMoJ8g,2021-05-23,Описание и добавление индикатора OpenInterest в TigerTrade.,15:36,3196,91,ru-orig,2057,https://www.youtube.com/watch?v=1mROmgMoJ8g,transcripts/2021-05-23_1mROmgMoJ8g_opisanie-i-dobavlenie-indikatora-openinterest-v-tigertrade.txt
J4c5l95WQX8,2021-08-16,Основы тенденции: правило двух импульсов ч.2,21:59,5853,159,ru-orig,2885,https://www.youtube.com/watch?v=J4c5l95WQX8,transcripts/2021-08-16_J4c5l95WQX8_osnovy-tendentsii-pravilo-dvuh-impulsov-ch-2.txt
oHx4ogIvh4A,2021-09-07,"Основы тенденции: импульс ""Ракета""",48:16,4916,144,ru-orig,5914,https://www.youtube.com/watch?v=oHx4ogIvh4A,transcripts/2021-09-07_oHx4ogIvh4A_osnovy-tendentsii-impuls-raketa.txt
r6yN73JvOpw,2021-09-30,Основы тенденции: конструктор тенденции и захват ликвидности часть 2,36:34,4870,126,ru-orig,4766,https://www.youtube.com/watch?v=r6yN73JvOpw,transcripts/2021-09-30_r6yN73JvOpw_osnovy-tendentsii-konstruktor-tendentsii-i-zahvat-likvidnost.txt
fC39GwB2Gbg,2021-12-11,Пример построения ожиданий на основе вложенных тенденций согласно ТС Отработка тенденции,02:19,1904,56,ru-orig,204,https://www.youtube.com/watch?v=fC39GwB2Gbg,transcripts/2021-12-11_fC39GwB2Gbg_primer-postroeniya-ozhidaniy-na-osnove-vlozhennyh-tendentsiy.txt
iVBVd2cSYHE,2021-12-12,"Останавливающее действие рынка. Блок ""Ловушка"" часть 1",14:50,2883,,,0,https://www.youtube.com/watch?v=iVBVd2cSYHE,
sb9gE3ifEyk,2022-01-04,"Останавливающее действие рынка. Блок ""Ловушка"" ч.2 (на основе кластеров)",24:03,3416,131,ru-orig,3108,https://www.youtube.com/watch?v=sb9gE3ifEyk,transcripts/2022-01-04_sb9gE3ifEyk_ostanavlivayuschee-deystvie-rynka-blok-lovushka-ch-2-na-osno.txt
Nrv9pcq2sRc,2022-03-09,Объявление для ютуба,00:12,2084,,,0,https://www.youtube.com/watch?v=Nrv9pcq2sRc,
HEDiCx8-4tw,2022-05-25,Утренний обзор на 2022 05 25,36:01,620,61,ru-orig,4718,https://www.youtube.com/watch?v=HEDiCx8-4tw,transcripts/2022-05-25_HEDiCx8-4tw_utrenniy-obzor-na-2022-05-25.txt
kULtFnC73Dk,2022-05-26,Утренний обзор на 2022 05 26,34:32,447,47,ru-orig,4206,https://www.youtube.com/watch?v=kULtFnC73Dk,transcripts/2022-05-26_kULtFnC73Dk_utrenniy-obzor-na-2022-05-26.txt
UqNs9UoEKZk,2022-05-27,Утренний обзор на 2022 05 27,28:18,644,57,ru-orig,3612,https://www.youtube.com/watch?v=UqNs9UoEKZk,transcripts/2022-05-27_UqNs9UoEKZk_utrenniy-obzor-na-2022-05-27.txt
l7zj2ezPhYg,2022-05-29,"Обзор крипты от 2022 05 29 1INCH,GAL,AVAX,ETH",27:20,614,35,ru-orig,3386,https://www.youtube.com/watch?v=l7zj2ezPhYg,transcripts/2022-05-29_l7zj2ezPhYg_obzor-kripty-ot-2022-05-29-1inch-gal-avax-eth.txt
FxgiPiFv_Hg,2022-05-30,Утренний обзор на 2022 05 30,33:26,427,37,ru-orig,4261,https://www.youtube.com/watch?v=FxgiPiFv_Hg,transcripts/2022-05-30_FxgiPiFv_Hg_utrenniy-obzor-na-2022-05-30.txt
YwCa3zjfPV0,2022-05-31,Утренний обзор на 2022 05 31,41:14,438,40,ru-orig,5256,https://www.youtube.com/watch?v=YwCa3zjfPV0,transcripts/2022-05-31_YwCa3zjfPV0_utrenniy-obzor-na-2022-05-31.txt
3I_S1XkBU3w,2022-06-01,Утренний обзор на 2022 06 01,28:30,452,41,ru-orig,3628,https://www.youtube.com/watch?v=3I_S1XkBU3w,transcripts/2022-06-01_3I_S1XkBU3w_utrenniy-obzor-na-2022-06-01.txt
cZ-cUEqDN4A,2022-06-02,Утренний обзор на 2022 06 02,23:34,362,42,ru-orig,3067,https://www.youtube.com/watch?v=cZ-cUEqDN4A,transcripts/2022-06-02_cZ-cUEqDN4A_utrenniy-obzor-na-2022-06-02.txt
L3k6Cim3Vmc,2022-06-03,Утренний обзор на 2022 06 03,26:54,452,38,ru-orig,3218,https://www.youtube.com/watch?v=L3k6Cim3Vmc,transcripts/2022-06-03_L3k6Cim3Vmc_utrenniy-obzor-na-2022-06-03.txt
DEcs5mH3eAQ,2022-06-05,"Обзор крипты 20 2022 06 05 BTC, MATIC, XMR, EOS, LTC",35:43,354,31,ru-orig,4114,https://www.youtube.com/watch?v=DEcs5mH3eAQ,transcripts/2022-06-05_DEcs5mH3eAQ_obzor-kripty-20-2022-06-05-btc-matic-xmr-eos-ltc.txt
MF1SV7y1-AA,2022-06-06,Утренний обзор на 2022 06 06,32:19,414,47,ru-orig,3997,https://www.youtube.com/watch?v=MF1SV7y1-AA,transcripts/2022-06-06_MF1SV7y1-AA_utrenniy-obzor-na-2022-06-06.txt
h26SWZJbyDE,2022-06-08,Утренний обзор на 2022 06 08,30:40,419,31,ru-orig,3507,https://www.youtube.com/watch?v=h26SWZJbyDE,transcripts/2022-06-08_h26SWZJbyDE_utrenniy-obzor-na-2022-06-08.txt
SMlPDMEivlA,2022-06-09,Утренний обзор на 2022 06 09,31:19,361,38,ru-orig,3370,https://www.youtube.com/watch?v=SMlPDMEivlA,transcripts/2022-06-09_SMlPDMEivlA_utrenniy-obzor-na-2022-06-09.txt
LiRqLpHiqz4,2022-06-14,Обзор крипты от 2022 06 14 _ BTC _ среднесрочные и долгосрочные цели по моей системе,27:55,475,41,ru-orig,3569,https://www.youtube.com/watch?v=LiRqLpHiqz4,transcripts/2022-06-14_LiRqLpHiqz4_obzor-kripty-ot-2022-06-14-btc-srednesrochnye-i-dolgosrochny.txt
SLCA-zurzIY,2022-06-15,Утренний обзор на 2022 06 15,22:29,353,46,ru-orig,2876,https://www.youtube.com/watch?v=SLCA-zurzIY,transcripts/2022-06-15_SLCA-zurzIY_utrenniy-obzor-na-2022-06-15.txt
t42dmLthCjc,2022-06-16,Утренний обзор на 2022 06 16,34:01,428,37,ru-orig,3879,https://www.youtube.com/watch?v=t42dmLthCjc,transcripts/2022-06-16_t42dmLthCjc_utrenniy-obzor-na-2022-06-16.txt
-SUcnLF0RGQ,2022-06-17,Утренний обзор на 2022 06 17,33:03,447,47,ru-orig,3794,https://www.youtube.com/watch?v=-SUcnLF0RGQ,transcripts/2022-06-17_-SUcnLF0RGQ_utrenniy-obzor-na-2022-06-17.txt
lo3Zt4G-6KQ,2022-06-20,Обзор крипты от 2022 06 20_ BTC _ ETH _ SOL _ ATOM,22:21,298,32,ru-orig,2590,https://www.youtube.com/watch?v=lo3Zt4G-6KQ,transcripts/2022-06-20_lo3Zt4G-6KQ_obzor-kripty-ot-2022-06-20-btc-eth-sol-atom.txt
kt15i3GxyzY,2022-06-21,Утренний обзор на 2022 06 21,33:08,395,42,ru-orig,4372,https://www.youtube.com/watch?v=kt15i3GxyzY,transcripts/2022-06-21_kt15i3GxyzY_utrenniy-obzor-na-2022-06-21.txt
l-FCU0aLeCA,2022-06-22,Утренний обзор на 2022 06 22,24:16,563,40,ru-orig,3016,https://www.youtube.com/watch?v=l-FCU0aLeCA,transcripts/2022-06-22_l-FCU0aLeCA_utrenniy-obzor-na-2022-06-22.txt
wurUdyNJfXE,2022-06-23,Утренний обзор на 2022 06 23,38:55,507,46,ru-orig,4874,https://www.youtube.com/watch?v=wurUdyNJfXE,transcripts/2022-06-23_wurUdyNJfXE_utrenniy-obzor-na-2022-06-23.txt
J6vuJXND8yg,2022-06-26,Обзор крипты от 2022 06 26 _ S&P500 (ES1!) _ BTC _ NEAR,19:34,290,38,ru-orig,2379,https://www.youtube.com/watch?v=J6vuJXND8yg,transcripts/2022-06-26_J6vuJXND8yg_obzor-kripty-ot-2022-06-26-s-p500-es1-btc-near.txt
xGEr2mnmDtA,2022-06-27,Утренний обзор на 2022 06 27,20:12,358,40,ru-orig,2649,https://www.youtube.com/watch?v=xGEr2mnmDtA,transcripts/2022-06-27_xGEr2mnmDtA_utrenniy-obzor-na-2022-06-27.txt
nRjbEKUiUqM,2022-06-28,Утренний обзор на 2022 06 28,28:31,380,35,ru-orig,3400,https://www.youtube.com/watch?v=nRjbEKUiUqM,transcripts/2022-06-28_nRjbEKUiUqM_utrenniy-obzor-na-2022-06-28.txt
-8Z0Sv2UObE,2022-06-30,Утренний обзор на 2022 06 30,18:11,309,34,ru-orig,2303,https://www.youtube.com/watch?v=-8Z0Sv2UObE,transcripts/2022-06-30_-8Z0Sv2UObE_utrenniy-obzor-na-2022-06-30.txt
80IjRa8h9r8,2022-07-01,Утренний обзор на 2022 07 01,27:11,591,45,ru-orig,3280,https://www.youtube.com/watch?v=80IjRa8h9r8,transcripts/2022-07-01_80IjRa8h9r8_utrenniy-obzor-na-2022-07-01.txt
WQnHrb4EGyU,2022-07-04,Обзор крипты от 2022 07 04 _ S&P500 (ES1!) _ BTC _ XRP,12:32,438,26,ru-orig,1614,https://www.youtube.com/watch?v=WQnHrb4EGyU,transcripts/2022-07-04_WQnHrb4EGyU_obzor-kripty-ot-2022-07-04-s-p500-es1-btc-xrp.txt
d-iJILDIIos,2022-07-05,Утренний обзор на 2022 07 05,20:55,408,34,ru-orig,2490,https://www.youtube.com/watch?v=d-iJILDIIos,transcripts/2022-07-05_d-iJILDIIos_utrenniy-obzor-na-2022-07-05.txt
R2jn0xEQF-g,2022-07-07,Утренний обзор на 2022 07 07,18:50,485,36,ru-orig,2370,https://www.youtube.com/watch?v=R2jn0xEQF-g,transcripts/2022-07-07_R2jn0xEQF-g_utrenniy-obzor-na-2022-07-07.txt
0k2zGBu2mAE,2022-07-08,Утренний обзор на 2022 07 08,31:34,451,36,ru-orig,3871,https://www.youtube.com/watch?v=0k2zGBu2mAE,transcripts/2022-07-08_0k2zGBu2mAE_utrenniy-obzor-na-2022-07-08.txt
kN3u-UGbodI,2022-07-11,Обзор крипты от 2022 07 11 _ S&P500 (ES1!)   BTC,15:04,643,21,ru-orig,1860,https://www.youtube.com/watch?v=kN3u-UGbodI,transcripts/2022-07-11_kN3u-UGbodI_obzor-kripty-ot-2022-07-11-s-p500-es1-btc.txt
n3VM6f75dcg,2022-07-12,Утренний обзор на 2022 07 12,21:38,388,38,ru-orig,2523,https://www.youtube.com/watch?v=n3VM6f75dcg,transcripts/2022-07-12_n3VM6f75dcg_utrenniy-obzor-na-2022-07-12.txt
UtxuM7pHFlE,2022-07-13,Утренний обзор на 2022 07 13,17:54,384,37,ru-orig,2067,https://www.youtube.com/watch?v=UtxuM7pHFlE,transcripts/2022-07-13_UtxuM7pHFlE_utrenniy-obzor-na-2022-07-13.txt
--Ep6LNCtrk,2022-07-15,Утренний обзор на 2022 07 15,20:38,325,30,ru-orig,2487,https://www.youtube.com/watch?v=--Ep6LNCtrk,transcripts/2022-07-15_--Ep6LNCtrk_utrenniy-obzor-na-2022-07-15.txt
7mqxkJDb5NY,2022-07-18,Обзор крипты от 2022 07 18   S&P500 ES1!   BTC,07:55,235,23,ru-orig,1020,https://www.youtube.com/watch?v=7mqxkJDb5NY,transcripts/2022-07-18_7mqxkJDb5NY_obzor-kripty-ot-2022-07-18-s-p500-es1-btc.txt
ARrWXnd8OeY,2022-07-19,Утренний обзор на 2022 07 19,13:54,416,39,ru-orig,1624,https://www.youtube.com/watch?v=ARrWXnd8OeY,transcripts/2022-07-19_ARrWXnd8OeY_utrenniy-obzor-na-2022-07-19.txt
lk2pp_lPluY,2022-07-21,Утренний обзор на 2022 07 21,26:13,504,39,ru-orig,3500,https://www.youtube.com/watch?v=lk2pp_lPluY,transcripts/2022-07-21_lk2pp_lPluY_utrenniy-obzor-na-2022-07-21.txt
VLqnB_1JYnI,2022-07-25,Обзор крипты от 2022 07 25 _ S&P500 (ES1!) _ BTC _ ETCUSDT,12:30,293,28,ru-orig,1647,https://www.youtube.com/watch?v=VLqnB_1JYnI,transcripts/2022-07-25_VLqnB_1JYnI_obzor-kripty-ot-2022-07-25-s-p500-es1-btc-etcusdt.txt
EgI03lGIl7U,2022-07-27,Утренний обзор на 2022 07 27,33:45,373,34,ru-orig,4476,https://www.youtube.com/watch?v=EgI03lGIl7U,transcripts/2022-07-27_EgI03lGIl7U_utrenniy-obzor-na-2022-07-27.txt
_ET7uhSyjHQ,2022-07-28,Утренний обзор на 2022 07 28,27:45,525,42,ru-orig,3363,https://www.youtube.com/watch?v=_ET7uhSyjHQ,transcripts/2022-07-28__ET7uhSyjHQ_utrenniy-obzor-na-2022-07-28.txt
qctTIOHBQBE,2022-08-01,Обзор крипты от 2022 08 01 _ S&P500 (ES1!) _ BTC _ ETCUSDT,18:49,329,22,ru-orig,2230,https://www.youtube.com/watch?v=qctTIOHBQBE,transcripts/2022-08-01_qctTIOHBQBE_obzor-kripty-ot-2022-08-01-s-p500-es1-btc-etcusdt.txt
uZtintz3O8Y,2022-08-02,Утренний обзор на 2022 08 02,24:54,424,33,ru-orig,3298,https://www.youtube.com/watch?v=uZtintz3O8Y,transcripts/2022-08-02_uZtintz3O8Y_utrenniy-obzor-na-2022-08-02.txt
wFwS3oRRzwk,2022-08-04,Утренний обзор на 2022 08 04,19:31,454,34,ru-orig,2478,https://www.youtube.com/watch?v=wFwS3oRRzwk,transcripts/2022-08-04_wFwS3oRRzwk_utrenniy-obzor-na-2022-08-04.txt
0-FU5LmkuPc,2022-08-08,"Вводная лекция, знакомство с торговой стратегией",28:56,4113,142,ru-orig,3717,https://www.youtube.com/watch?v=0-FU5LmkuPc,transcripts/2022-08-08_0-FU5LmkuPc_vvodnaya-lektsiya-znakomstvo-s-torgovoy-strategiey.txt
JyvIXpbMlIs,2022-08-08,Обзор крипты от 2022 08 08 _ S&P500 (ES1!) _ BTC,07:03,290,27,ru-orig,835,https://www.youtube.com/watch?v=JyvIXpbMlIs,transcripts/2022-08-08_JyvIXpbMlIs_obzor-kripty-ot-2022-08-08-s-p500-es1-btc.txt
JZLBIauKPig,2022-08-11,Утренний обзор от 2022 08 11 _ Si _ Br _ Ri _ Sr _  BTCUSDT _ S&P 500,25:09,549,38,ru-orig,3152,https://www.youtube.com/watch?v=JZLBIauKPig,transcripts/2022-08-11_JZLBIauKPig_utrenniy-obzor-ot-2022-08-11-si-br-ri-sr-btcusdt-s-p-500.txt
3B_GBHKXmNA,2022-08-13,Видеоответ на вопросы в ВК #001,20:19,509,30,ru-orig,2490,https://www.youtube.com/watch?v=3B_GBHKXmNA,transcripts/2022-08-13_3B_GBHKXmNA_videootvet-na-voprosy-v-vk-001.txt
U2Ci_ZN5dZA,2022-08-17,Утренний обзор от 2022 08 17,33:59,550,46,ru-orig,4458,https://www.youtube.com/watch?v=U2Ci_ZN5dZA,transcripts/2022-08-17_U2Ci_ZN5dZA_utrenniy-obzor-ot-2022-08-17.txt
lcKCooGp4GM,2022-08-19,Утренний обзор от 2022 08 19,21:59,460,40,ru-orig,2827,https://www.youtube.com/watch?v=lcKCooGp4GM,transcripts/2022-08-19_lcKCooGp4GM_utrenniy-obzor-ot-2022-08-19.txt
P8bhmmOK3f0,2022-08-22,Утренний обзор от 2022 08 22,31:24,433,39,ru-orig,4226,https://www.youtube.com/watch?v=P8bhmmOK3f0,transcripts/2022-08-22_P8bhmmOK3f0_utrenniy-obzor-ot-2022-08-22.txt
Lfqj2n6bUqY,2022-08-24,Утренний обзор от 2022 08 24 (Si / Br / Ri / Sr / Bitcoin / S&P 500),25:57,463,40,ru-orig,3352,https://www.youtube.com/watch?v=Lfqj2n6bUqY,transcripts/2022-08-24_Lfqj2n6bUqY_utrenniy-obzor-ot-2022-08-24-si-br-ri-sr-bitcoin-s-p-500.txt
X1rE-ugTQuY,2022-08-26,Утренний обзор от 2022 08 26 (Si / Br / Ri / Sr / Bitcoin / S&P 500),24:06,540,43,ru-orig,3175,https://www.youtube.com/watch?v=X1rE-ugTQuY,transcripts/2022-08-26_X1rE-ugTQuY_utrenniy-obzor-ot-2022-08-26-si-br-ri-sr-bitcoin-s-p-500.txt
pm949ADrgnM,2022-08-29,Утренний обзор от 2022 08 29 (Si / Br / Ri / Sr / Bitcoin / S&P 500),28:26,521,41,ru-orig,3217,https://www.youtube.com/watch?v=pm949ADrgnM,transcripts/2022-08-29_pm949ADrgnM_utrenniy-obzor-ot-2022-08-29-si-br-ri-sr-bitcoin-s-p-500.txt
IVwx_oFlAgs,2022-08-31,Утренний обзор от 2022 08 31 (Si / Br / Ri / Sr / Bitcoin / S&P 500),40:58,407,42,ru-orig,4500,https://www.youtube.com/watch?v=IVwx_oFlAgs,transcripts/2022-08-31_IVwx_oFlAgs_utrenniy-obzor-ot-2022-08-31-si-br-ri-sr-bitcoin-s-p-500.txt
sYQkaiFHYBQ,2022-09-02,Утренний обзор от 2022 09 02 (Si / Br / Ri / Sr / Bitcoin / S&P 500),28:52,490,52,ru-orig,3369,https://www.youtube.com/watch?v=sYQkaiFHYBQ,transcripts/2022-09-02_sYQkaiFHYBQ_utrenniy-obzor-ot-2022-09-02-si-br-ri-sr-bitcoin-s-p-500.txt
lou63Ih2tpY,2022-09-05,Утренний обзор от 2022 09 05 (Si / Br / Ri / Sr / Bitcoin / S&P 500),25:59,475,43,ru-orig,3371,https://www.youtube.com/watch?v=lou63Ih2tpY,transcripts/2022-09-05_lou63Ih2tpY_utrenniy-obzor-ot-2022-09-05-si-br-ri-sr-bitcoin-s-p-500.txt
0iWkmOaIoD8,2022-09-07,"Утренний обзор от 2022 09 07 (что такое интенсив или интерактивный формат обучения, в конце видео)",36:48,578,37,ru-orig,4258,https://www.youtube.com/watch?v=0iWkmOaIoD8,transcripts/2022-09-07_0iWkmOaIoD8_utrenniy-obzor-ot-2022-09-07-chto-takoe-intensiv-ili-interak.txt
w1TN7Qsi0Z4,2022-09-09,Утренний обзор от 2022 09 09 (Si / Br / Ri / Sr / Bitcoin / S&P 500),33:37,1054,70,ru-orig,3962,https://www.youtube.com/watch?v=w1TN7Qsi0Z4,transcripts/2022-09-09_w1TN7Qsi0Z4_utrenniy-obzor-ot-2022-09-09-si-br-ri-sr-bitcoin-s-p-500.txt
71HWY1L6Dj4,2022-09-12,Утренний обзор от 2022 09 12 (Si / Br / Ri / Sr / Bitcoin / S&P 500),17:09,470,37,ru-orig,2187,https://www.youtube.com/watch?v=71HWY1L6Dj4,transcripts/2022-09-12_71HWY1L6Dj4_utrenniy-obzor-ot-2022-09-12-si-br-ri-sr-bitcoin-s-p-500.txt
y_rEFzV0Jj8,2022-09-14,Утренний обзор от 2022 09 14 (Si / Br / Ri / Sr / Bitcoin / S&P 500),34:06,571,47,ru-orig,3864,https://www.youtube.com/watch?v=y_rEFzV0Jj8,transcripts/2022-09-14_y_rEFzV0Jj8_utrenniy-obzor-ot-2022-09-14-si-br-ri-sr-bitcoin-s-p-500.txt
xHZstOScoUs,2022-09-20,Утренний обзор на 2022 09 19 (очень подробно отвечаю на ваши комментарии),42:26,584,43,ru-orig,5346,https://www.youtube.com/watch?v=xHZstOScoUs,transcripts/2022-09-20_xHZstOScoUs_utrenniy-obzor-na-2022-09-19-ochen-podrobno-otvechayu-na-vas.txt
nLX2yZDv1yU,2022-09-21,Утренний обзор от 2022 09 21 (Si / Br / Ri / Sr / Bitcoin / S&P 500),33:38,430,32,ru-orig,3547,https://www.youtube.com/watch?v=nLX2yZDv1yU,transcripts/2022-09-21_nLX2yZDv1yU_utrenniy-obzor-ot-2022-09-21-si-br-ri-sr-bitcoin-s-p-500.txt
s0Ao4_nYjJ0,2022-09-25,Видеоответ на вопросы в ВК 002,37:59,411,23,ru-orig,4211,https://www.youtube.com/watch?v=s0Ao4_nYjJ0,transcripts/2022-09-25_s0Ao4_nYjJ0_videootvet-na-voprosy-v-vk-002.txt
vP6oSywJbSM,2022-09-25,Утренний обзор на 2022 09 26 (Si / Br / Ri / Sr / Bitcoin / S&P 500),36:54,545,38,ru-orig,4437,https://www.youtube.com/watch?v=vP6oSywJbSM,transcripts/2022-09-25_vP6oSywJbSM_utrenniy-obzor-na-2022-09-26-si-br-ri-sr-bitcoin-s-p-500.txt
rCAmgXmvuwg,2022-09-30,Утренний обзор от 2022 09 30 (отвечаю на ваш вопрос о лимитном игроке),44:18,646,36,ru-orig,5655,https://www.youtube.com/watch?v=rCAmgXmvuwg,transcripts/2022-09-30_rCAmgXmvuwg_utrenniy-obzor-ot-2022-09-30-otvechayu-na-vash-vopros-o-limi.txt
AHsD2v2MX3g,2022-10-03,Утренний обзор от 2022 10 03Утренний обзор от 2022 10 03 (Si / Br / Ri / Sr / Bitcoin / S&P 500),37:44,580,36,ru-orig,4891,https://www.youtube.com/watch?v=AHsD2v2MX3g,transcripts/2022-10-03_AHsD2v2MX3g_utrenniy-obzor-ot-2022-10-03utrenniy-obzor-ot-2022-10-03-si.txt
kU-0LH49lFY,2022-10-06,Утренний обзор от 2022 10 06,27:09,432,31,ru-orig,3148,https://www.youtube.com/watch?v=kU-0LH49lFY,transcripts/2022-10-06_kU-0LH49lFY_utrenniy-obzor-ot-2022-10-06.txt
E33Klmnaw6Y,2022-10-09,Опросник Уведомление Криптобиржа,03:54,426,35,ru-orig,483,https://www.youtube.com/watch?v=E33Klmnaw6Y,transcripts/2022-10-09_E33Klmnaw6Y_oprosnik-uvedomlenie-kriptobirzha.txt
mxLDnK_3iPU,2022-10-16,Утренний обзор от 2022 10 17 (Si / Br / Ri / Sr / Bitcoin / S&P 500),38:36,613,41,ru-orig,4505,https://www.youtube.com/watch?v=mxLDnK_3iPU,transcripts/2022-10-16_mxLDnK_3iPU_utrenniy-obzor-ot-2022-10-17-si-br-ri-sr-bitcoin-s-p-500.txt
RMCJdZEFW1c,2022-10-20,Утренний обзор от 2022 10 20 (Si / Br / Ri / Sr / Bitcoin / S&P 500),30:00,540,34,ru-orig,3845,https://www.youtube.com/watch?v=RMCJdZEFW1c,transcripts/2022-10-20_RMCJdZEFW1c_utrenniy-obzor-ot-2022-10-20-si-br-ri-sr-bitcoin-s-p-500.txt
IJhftQH0-N8,2022-10-25,Утренний обзор от 2022 10 25 (Si / Br / Ri / Sr / Bitcoin / S&P 500),35:19,706,45,ru-orig,4358,https://www.youtube.com/watch?v=IJhftQH0-N8,transcripts/2022-10-25_IJhftQH0-N8_utrenniy-obzor-ot-2022-10-25-si-br-ri-sr-bitcoin-s-p-500.txt
yskOpd43cSs,2022-10-30,Стоит ли торговать пару китайский юань – российский рубль,09:53,886,49,ru-orig,1302,https://www.youtube.com/watch?v=yskOpd43cSs,transcripts/2022-10-30_yskOpd43cSs_stoit-li-torgovat-paru-kitayskiy-yuan-rossiyskiy-rubl.txt
0f1yCv84jeY,2022-11-21,Утренний обзор от 2022 11 21 (Si / Br / Ri / Sr / Bitcoin / S&P 500),40:39,630,40,ru-orig,5632,https://www.youtube.com/watch?v=0f1yCv84jeY,transcripts/2022-11-21_0f1yCv84jeY_utrenniy-obzor-ot-2022-11-21-si-br-ri-sr-bitcoin-s-p-500.txt
3A5Lme9_SE8,2022-11-23,Утренний обзор от 2022 11 23 (Si / Br / Ri / Sr / Bitcoin / S&P 500),28:31,549,43,ru-orig,3637,https://www.youtube.com/watch?v=3A5Lme9_SE8,transcripts/2022-11-23_3A5Lme9_SE8_utrenniy-obzor-ot-2022-11-23-si-br-ri-sr-bitcoin-s-p-500.txt
T_wC6T2Rasw,2022-11-24,Поговорим о системных стопах и разберем точки входа,18:23,1235,83,ru-orig,2585,https://www.youtube.com/watch?v=T_wC6T2Rasw,transcripts/2022-11-24_T_wC6T2Rasw_pogovorim-o-sistemnyh-stopah-i-razberem-tochki-vhoda.txt
redI8fTHQNw,2022-11-28,Видеоответ на вопросы в YouTube 001,35:06,806,41,ru-orig,4431,https://www.youtube.com/watch?v=redI8fTHQNw,transcripts/2022-11-28_redI8fTHQNw_videootvet-na-voprosy-v-youtube-001.txt
22vqPEIo_pM,2023-03-14,Утренний обзор от 2023 03 14 (Si / Br / Ng / Ri / Bitcoin / S&P 500),21:46,595,39,ru-orig,2702,https://www.youtube.com/watch?v=22vqPEIo_pM,transcripts/2023-03-14_22vqPEIo_pM_utrenniy-obzor-ot-2023-03-14-si-br-ng-ri-bitcoin-s-p-500.txt
t5jMjMmQ54A,2023-03-16,Утренний обзор от 2023 03 16,21:18,751,43,ru-orig,2536,https://www.youtube.com/watch?v=t5jMjMmQ54A,transcripts/2023-03-16_t5jMjMmQ54A_utrenniy-obzor-ot-2023-03-16.txt
8J9CIdIQrAg,2023-03-20,"Видеоответ на вопросы в YouTube 002: на чем базируется моя ТС и как она работает, пошаговое описание",20:47,890,64,ru-orig,2683,https://www.youtube.com/watch?v=8J9CIdIQrAg,transcripts/2023-03-20_8J9CIdIQrAg_videootvet-na-voprosy-v-youtube-002-na-chem-baziruetsya-moya.txt
eCIggp6pLws,2023-03-22,Поговорим о системных стопах. Пример получения системного стопа,13:14,884,70,ru-orig,1765,https://www.youtube.com/watch?v=eCIggp6pLws,transcripts/2023-03-22_eCIggp6pLws_pogovorim-o-sistemnyh-stopah-primer-polucheniya-sistemnogo-s.txt
6AAJQpZ339k,2023-03-22,Утренний обзор от 2023 03 22 (Si / Br / Ng / Ri / Bitcoin / S&P 500),28:23,479,38,ru-orig,3174,https://www.youtube.com/watch?v=6AAJQpZ339k,transcripts/2023-03-22_6AAJQpZ339k_utrenniy-obzor-ot-2023-03-22-si-br-ng-ri-bitcoin-s-p-500.txt
a8OLFAHwnP8,2023-03-26,Cигнал манипуляции на шорт. Разбор сигнала на основе кластерного анализа. Ri,12:11,934,72,ru-orig,1664,https://www.youtube.com/watch?v=a8OLFAHwnP8,transcripts/2023-03-26_a8OLFAHwnP8_cignal-manipulyatsii-na-short-razbor-signala-na-osnove-klast.txt
XnHqOuD-0CQ,2023-03-29,Cигнал манипуляции на шорт. Разбор сигнала на основе кластерного анализа. Ng (природный газ),08:40,1143,69,ru-orig,1178,https://www.youtube.com/watch?v=XnHqOuD-0CQ,transcripts/2023-03-29_XnHqOuD-0CQ_cignal-manipulyatsii-na-short-razbor-signala-na-osnove-klast.txt
tsuLtXsdN80,2023-04-01,"Уровни ликвидности, что это такое?  Взглянем на уровни под другим углом! Как я  их использую в ТС",46:57,5793,262,ru-orig,5380,https://www.youtube.com/watch?v=tsuLtXsdN80,transcripts/2023-04-01_tsuLtXsdN80_urovni-likvidnosti-chto-eto-takoe-vzglyanem-na-urovni-pod-dr.txt
9f10rjJdVHY,2023-04-07,Хотели увидеть сделки от учеников?,25:18,959,52,ru-orig,2978,https://www.youtube.com/watch?v=9f10rjJdVHY,transcripts/2023-04-07_9f10rjJdVHY_hoteli-uvidet-sdelki-ot-uchenikov.txt
pIE1HOLZ_2Y,2023-04-10,Успели урвать свой кусок на сегодняшнем отстреле? 10 Апреля 2023,12:15,905,60,ru-orig,1652,https://www.youtube.com/watch?v=pIE1HOLZ_2Y,transcripts/2023-04-10_pIE1HOLZ_2Y_uspeli-urvat-svoy-kusok-na-segodnyashnem-otstrele-10-aprelya.txt
C5OBbx2OGmE,2023-04-13,Разбор шортового сигнала на Si от 13 Апреля,13:43,918,63,ru-orig,1853,https://www.youtube.com/watch?v=C5OBbx2OGmE,transcripts/2023-04-13_C5OBbx2OGmE_razbor-shortovogo-signala-na-si-ot-13-aprelya.txt
rccNalNLdBQ,2023-05-02,Утренний обзор на 2023 05 02 (Si / Br / Ng / Ri / Bitcoin / S&P 500),21:48,863,54,ru-orig,2783,https://www.youtube.com/watch?v=rccNalNLdBQ,transcripts/2023-05-02_rccNalNLdBQ_utrenniy-obzor-na-2023-05-02-si-br-ng-ri-bitcoin-s-p-500.txt
EvTguE6fNAw,2023-05-10,Разбор открытия рынка на Ri от 10 Мая 2023,16:27,662,53,ru-orig,2114,https://www.youtube.com/watch?v=EvTguE6fNAw,transcripts/2023-05-10_EvTguE6fNAw_razbor-otkrytiya-rynka-na-ri-ot-10-maya-2023.txt
ADrMQsCn_3o,2023-05-29,Разбор лонга на Si от 29 Мая 2023 срыв лесенки,22:27,1027,62,ru-orig,2768,https://www.youtube.com/watch?v=ADrMQsCn_3o,transcripts/2023-05-29_ADrMQsCn_3o_razbor-longa-na-si-ot-29-maya-2023-sryv-lesenki.txt
MqD-IAMZCw8,2023-06-01,Разбор шортового сигнала на Si от 1 Июня 2023,18:18,958,52,ru-orig,2462,https://www.youtube.com/watch?v=MqD-IAMZCw8,transcripts/2023-06-01_MqD-IAMZCw8_razbor-shortovogo-signala-na-si-ot-1-iyunya-2023.txt
AyQ0BbIV9p0,2023-06-27,Разбор шортового сигнала на Br от 27 Июня 2023,15:14,1065,63,ru-orig,2053,https://www.youtube.com/watch?v=AyQ0BbIV9p0,transcripts/2023-06-27_AyQ0BbIV9p0_razbor-shortovogo-signala-na-br-ot-27-iyunya-2023.txt
KJdqRS5Z9o8,2023-07-16,Разбор лонга на Si от 14 июля 2023,10:13,951,60,ru-orig,1447,https://www.youtube.com/watch?v=KJdqRS5Z9o8,transcripts/2023-07-16_KJdqRS5Z9o8_razbor-longa-na-si-ot-14-iyulya-2023.txt
zBOm8AF_n2c,2023-08-06,Разбор лонга на Si от 4 августа 2023,11:59,1623,55,ru-orig,1739,https://www.youtube.com/watch?v=zBOm8AF_n2c,transcripts/2023-08-06_zBOm8AF_n2c_razbor-longa-na-si-ot-4-avgusta-2023.txt
KOT7f-mzgW0,2023-08-13,Разбор лонга на Si от 11 августа,16:30,615,48,ru-orig,2404,https://www.youtube.com/watch?v=KOT7f-mzgW0,transcripts/2023-08-13_KOT7f-mzgW0_razbor-longa-na-si-ot-11-avgusta.txt
1TgRlzUL0K8,2023-08-23,Розбор шортового сигнала на Br от 23 Августа. Техника присоединения,14:56,877,54,ru-orig,2004,https://www.youtube.com/watch?v=1TgRlzUL0K8,transcripts/2023-08-23_1TgRlzUL0K8_rozbor-shortovogo-signala-na-br-ot-23-avgusta-tehnika-prisoe.txt
8TG1BhzES7M,2023-10-15,Разбор лонга на Br от 13 октября,16:33,670,48,ru-orig,2220,https://www.youtube.com/watch?v=8TG1BhzES7M,transcripts/2023-10-15_8TG1BhzES7M_razbor-longa-na-br-ot-13-oktyabrya.txt
13VeBgm__S0,2023-10-22,Логика совмещения таймфреймов на основе конструктора тенденции ч 1,18:38,2845,128,ru-orig,2320,https://www.youtube.com/watch?v=13VeBgm__S0,transcripts/2023-10-22_13VeBgm__S0_logika-sovmescheniya-taymfreymov-na-osnove-konstruktora-tend.txt
9aSkApKeagc,2023-10-23,Видео приглашение! Старт новой мини группы!,02:52,308,23,ru-orig,350,https://www.youtube.com/watch?v=9aSkApKeagc,transcripts/2023-10-23_9aSkApKeagc_video-priglashenie-start-novoy-mini-gruppy.txt
R_-OZXBpXJk,2023-10-29,Разбор входа на тесте манипуляции Ri от 27 октября,16:29,960,53,ru-orig,2212,https://www.youtube.com/watch?v=R_-OZXBpXJk,transcripts/2023-10-29_R_-OZXBpXJk_razbor-vhoda-na-teste-manipulyatsii-ri-ot-27-oktyabrya.txt
Cnfz2VGf7ic,2023-11-06,SBProX: Кастомные или комбинированные кластера,16:08,1371,84,ru-orig,1994,https://www.youtube.com/watch?v=Cnfz2VGf7ic,transcripts/2023-11-06_Cnfz2VGf7ic_sbprox-kastomnye-ili-kombinirovannye-klastera.txt
RAASnDn77VM,2023-11-08,Разбор лонга на Ri от 8 ноября,11:56,723,52,ru-orig,1494,https://www.youtube.com/watch?v=RAASnDn77VM,transcripts/2023-11-08_RAASnDn77VM_razbor-longa-na-ri-ot-8-noyabrya.txt
4PPZwXloqjk,2023-11-12,"Не отображаются кластера, профиль объема в TigerTrade?  Как решить проблему?",05:54,1724,59,ru-orig,719,https://www.youtube.com/watch?v=4PPZwXloqjk,transcripts/2023-11-12_4PPZwXloqjk_ne-otobrazhayutsya-klastera-profil-obema-v-tigertrade-kak-re.txt
6fFTSdRddQI,2023-11-20,Графический инструмент расчета соотношения риск прибыль,14:09,1283,69,ru-orig,1801,https://www.youtube.com/watch?v=6fFTSdRddQI,transcripts/2023-11-20_6fFTSdRddQI_graficheskiy-instrument-rascheta-sootnosheniya-risk-pribyl.txt
jx1Y35TxPxw,2024-01-14,Линковка уровней и других графических инструментах в TigerTrade,15:15,1138,47,ru-orig,1958,https://www.youtube.com/watch?v=jx1Y35TxPxw,transcripts/2024-01-14_jx1Y35TxPxw_linkovka-urovney-i-drugih-graficheskih-instrumentah-v-tigert.txt
NlfPfEAvD_8,2024-01-18,Разбор шорта на Ri от 18 января,08:45,608,44,ru-orig,1135,https://www.youtube.com/watch?v=NlfPfEAvD_8,transcripts/2024-01-18_NlfPfEAvD_8_razbor-shorta-na-ri-ot-18-yanvarya.txt
AYaBgzBds0o,2024-01-25,Разбор лонга на CR от 25 января,15:08,487,41,ru-orig,2016,https://www.youtube.com/watch?v=AYaBgzBds0o,transcripts/2024-01-25_AYaBgzBds0o_razbor-longa-na-cr-ot-25-yanvarya.txt
M5BdXLxbie8,2024-01-31,Разбор шорта на Ri от 31 января,13:18,513,41,ru-orig,1733,https://www.youtube.com/watch?v=M5BdXLxbie8,transcripts/2024-01-31_M5BdXLxbie8_razbor-shorta-na-ri-ot-31-yanvarya.txt
SB5-Am0re5c,2024-02-08,Разбор шорта на Ri от 8 февраля,10:13,552,48,ru-orig,1297,https://www.youtube.com/watch?v=SB5-Am0re5c,transcripts/2024-02-08_SB5-Am0re5c_razbor-shorta-na-ri-ot-8-fevralya.txt
vF0xiykImmc,2024-02-18,Разбор лонга на Si от 16 февраля,14:05,891,65,ru-orig,1934,https://www.youtube.com/watch?v=vF0xiykImmc,transcripts/2024-02-18_vF0xiykImmc_razbor-longa-na-si-ot-16-fevralya.txt
hTIVB-hGM0A,2024-04-18,Разбор шорта на Cr от 18 апреля,13:37,731,51,ru-orig,1767,https://www.youtube.com/watch?v=hTIVB-hGM0A,transcripts/2024-04-18_hTIVB-hGM0A_razbor-shorta-na-cr-ot-18-aprelya.txt
UD_gZQxFkes,2024-04-25,Разбор лонга на Ri от 25 апреля,11:21,714,65,ru-orig,1541,https://www.youtube.com/watch?v=UD_gZQxFkes,transcripts/2024-04-25_UD_gZQxFkes_razbor-longa-na-ri-ot-25-aprelya.txt
APtuwtlMPo4,2024-05-13,Разбор шорта на CR от 13 мая,19:55,610,52,ru-orig,2596,https://www.youtube.com/watch?v=APtuwtlMPo4,transcripts/2024-05-13_APtuwtlMPo4_razbor-shorta-na-cr-ot-13-maya.txt
9LlbCTaL9l4,2024-05-18,20% и 90% скидки на TigerTrade,03:19,592,29,ru-orig,410,https://www.youtube.com/watch?v=9LlbCTaL9l4,transcripts/2024-05-18_9LlbCTaL9l4_20-i-90-skidki-na-tigertrade.txt
Ms5hn7lPdKk,2024-05-19,Настройка отображения уровней на кластерном графике,03:01,1206,48,ru-orig,437,https://www.youtube.com/watch?v=Ms5hn7lPdKk,transcripts/2024-05-19_Ms5hn7lPdKk_nastroyka-otobrazheniya-urovney-na-klasternom-grafike.txt
SGauEwzhWM4,2024-05-29,Разбор шорта на Br от 29 мая,09:50,519,54,ru-orig,1368,https://www.youtube.com/watch?v=SGauEwzhWM4,transcripts/2024-05-29_SGauEwzhWM4_razbor-shorta-na-br-ot-29-maya.txt
VC39SAz3mes,2024-06-03,Разбор шорта на Br от 03 июня,08:36,529,41,ru-orig,1220,https://www.youtube.com/watch?v=VC39SAz3mes,transcripts/2024-06-03_VC39SAz3mes_razbor-shorta-na-br-ot-03-iyunya.txt
ZEBeLfbjiPY,2024-06-17,Разбор шорта на Cr от 17 июня,13:29,432,39,ru-orig,1880,https://www.youtube.com/watch?v=ZEBeLfbjiPY,transcripts/2024-06-17_ZEBeLfbjiPY_razbor-shorta-na-cr-ot-17-iyunya.txt
4NKt-1D-sZM,2024-06-26,Разбор шорта на Cr от 26 июня,14:44,732,46,ru-orig,2115,https://www.youtube.com/watch?v=4NKt-1D-sZM,transcripts/2024-06-26_4NKt-1D-sZM_razbor-shorta-na-cr-ot-26-iyunya.txt
KLlpLm_8T7w,2024-07-10,Разбор лонга на Cr от 10 июля,08:23,638,50,ru-orig,1113,https://www.youtube.com/watch?v=KLlpLm_8T7w,transcripts/2024-07-10_KLlpLm_8T7w_razbor-longa-na-cr-ot-10-iyulya.txt
_4eEeLxLZ-E,2024-08-06,Разбор шорта на Ri от 06 августа,13:39,1594,59,ru-orig,1943,https://www.youtube.com/watch?v=_4eEeLxLZ-E,transcripts/2024-08-06__4eEeLxLZ-E_razbor-shorta-na-ri-ot-06-avgusta.txt
sN2ocAeRdbM,2024-08-11,Формирование манипуляции без наличия объемно лимитного удержания за уровнем?,18:25,1148,70,ru-orig,2286,https://www.youtube.com/watch?v=sN2ocAeRdbM,transcripts/2024-08-11_sN2ocAeRdbM_formirovanie-manipulyatsii-bez-nalichiya-obemno-limitnogo-ud.txt
fAuoKnq844I,2024-08-13,Разбор лонга на Cr от 13 августа,09:05,319,32,ru-orig,1292,https://www.youtube.com/watch?v=fAuoKnq844I,transcripts/2024-08-13_fAuoKnq844I_razbor-longa-na-cr-ot-13-avgusta.txt
hK5d5IcnpIQ,2024-08-25,Вопрос-ответ_Нужно ли совмещать инструменты на разных биржах или секциях при анализе?,13:06,241,17,ru-orig,1557,https://www.youtube.com/watch?v=hK5d5IcnpIQ,transcripts/2024-08-25_hK5d5IcnpIQ_vopros-otvet-nuzhno-li-sovmeschat-instrumenty-na-raznyh-birz.txt
KBHicRwDK1k,2024-08-27,Разбор шорта на Ri от 27 августа,12:55,380,27,ru-orig,1818,https://www.youtube.com/watch?v=KBHicRwDK1k,transcripts/2024-08-27_KBHicRwDK1k_razbor-shorta-na-ri-ot-27-avgusta.txt
4XW8_fL6WAg,2024-09-03,Разбор шорта на Ng от 3 сентября,14:40,557,31,ru-orig,1981,https://www.youtube.com/watch?v=4XW8_fL6WAg,transcripts/2024-09-03_4XW8_fL6WAg_razbor-shorta-na-ng-ot-3-sentyabrya.txt
SomgFYirdjk,2024-09-22,Конструктор тенденции: сопоставление / сопряжение / синхронизация между ТФ,15:37,1604,69,ru-orig,1935,https://www.youtube.com/watch?v=SomgFYirdjk,transcripts/2024-09-22_SomgFYirdjk_konstruktor-tendentsii-sopostavlenie-sopryazhenie-sinhroniza.txt
6ABXxyPiEDI,2024-11-29,Разбор лонга на BTCUSDT от 29 ноября,14:01,412,32,ru-orig,1823,https://www.youtube.com/watch?v=6ABXxyPiEDI,transcripts/2024-11-29_6ABXxyPiEDI_razbor-longa-na-btcusdt-ot-29-noyabrya.txt
V9dIqHogPxs,2024-12-11,Разбор лонга на Cr от 11 декабря,09:44,358,29,ru-orig,1366,https://www.youtube.com/watch?v=V9dIqHogPxs,transcripts/2024-12-11_V9dIqHogPxs_razbor-longa-na-cr-ot-11-dekabrya.txt
rmsF8bfZwPs,2024-12-14,"Разбор лонга на BTCUSDT от 12 декабря !Подробный, со всеми нюансами!",30:55,660,40,ru-orig,4037,https://www.youtube.com/watch?v=rmsF8bfZwPs,transcripts/2024-12-14_rmsF8bfZwPs_razbor-longa-na-btcusdt-ot-12-dekabrya-podrobnyy-so-vsemi-ny.txt
_TVZtTq3Xow,2025-02-19,Разбор шорта на Cr от 19 февраля,11:52,372,23,ru-orig,1651,https://www.youtube.com/watch?v=_TVZtTq3Xow,transcripts/2025-02-19__TVZtTq3Xow_razbor-shorta-na-cr-ot-19-fevralya.txt
kkYDbY_7FbQ,2025-03-03,Кластерный анализ для торговли акциями?,05:34,387,20,ru-orig,766,https://www.youtube.com/watch?v=kkYDbY_7FbQ,transcripts/2025-03-03_kkYDbY_7FbQ_klasternyy-analiz-dlya-torgovli-aktsiyami.txt
jwjG_8X0Yeg,2025-03-10,Разбор шорта на Cr от 10 марта,09:19,380,27,ru-orig,1318,https://www.youtube.com/watch?v=jwjG_8X0Yeg,transcripts/2025-03-10_jwjG_8X0Yeg_razbor-shorta-na-cr-ot-10-marta.txt
Lbx_w0lN6zk,2025-03-21,Разбор шорта на Cr от 21 марта,09:59,352,16,ru-orig,1421,https://www.youtube.com/watch?v=Lbx_w0lN6zk,transcripts/2025-03-21_Lbx_w0lN6zk_razbor-shorta-na-cr-ot-21-marta.txt
jRFbqorOlao,2025-03-27,Разбор шорта на Ri от 27 марта,08:31,416,20,ru-orig,1160,https://www.youtube.com/watch?v=jRFbqorOlao,transcripts/2025-03-27_jRFbqorOlao_razbor-shorta-na-ri-ot-27-marta.txt
3MrGcjQqxl8,2025-04-07,Разбор шорта на BTCUSDT от 07 Апреля,09:29,329,16,ru-orig,1348,https://www.youtube.com/watch?v=3MrGcjQqxl8,transcripts/2025-04-07_3MrGcjQqxl8_razbor-shorta-na-btcusdt-ot-07-aprelya.txt
AOVabwo9Awk,2025-04-27,Урок №13_кластерный анализ при работе с удержанием позиции после входа (начало),10:54,838,34,ru-orig,1559,https://www.youtube.com/watch?v=AOVabwo9Awk,transcripts/2025-04-27_AOVabwo9Awk_urok-13-klasternyy-analiz-pri-rabote-s-uderzhaniem-pozitsii.txt
vQ1H5faRXeM,2025-05-08,Философия фиксированных размеров стопов,10:31,401,19,ru-orig,1453,https://www.youtube.com/watch?v=vQ1H5faRXeM,transcripts/2025-05-08_vQ1H5faRXeM_filosofiya-fiksirovannyh-razmerov-stopov.txt
qH7FHJt23kA,2025-07-20,Разбор лонга на BTCUSDT  Вырезка из практик,22:09,436,22,ru-orig,3140,https://www.youtube.com/watch?v=qH7FHJt23kA,transcripts/2025-07-20_qH7FHJt23kA_razbor-longa-na-btcusdt-vyrezka-iz-praktik.txt
ltZQz1_VMRQ,2025-07-29,Разбор лонга на CR CNY от 29 Июля,05:36,231,16,ru-orig,750,https://www.youtube.com/watch?v=ltZQz1_VMRQ,transcripts/2025-07-29_ltZQz1_VMRQ_razbor-longa-na-cr-cny-ot-29-iyulya.txt
cRU5tWZyMME,2025-08-06,Разбор лонга на NG от 06 Августа,10:15,339,22,ru-orig,1449,https://www.youtube.com/watch?v=cRU5tWZyMME,transcripts/2025-08-06_cRU5tWZyMME_razbor-longa-na-ng-ot-06-avgusta.txt
RQ6mOWvsTVg,2025-08-12,Разбор шорта на Br от 12 Августа,08:09,255,18,ru-orig,1162,https://www.youtube.com/watch?v=RQ6mOWvsTVg,transcripts/2025-08-12_RQ6mOWvsTVg_razbor-shorta-na-br-ot-12-avgusta.txt
T_ePV2AEHf8,2025-08-16,Вырезка из курса Кластерный анализ  Разбор шорта на Br от 07 Августа,12:25,269,14,ru-orig,1740,https://www.youtube.com/watch?v=T_ePV2AEHf8,transcripts/2025-08-16_T_ePV2AEHf8_vyrezka-iz-kursa-klasternyy-analiz-razbor-shorta-na-br-ot-07.txt
zTCL-jyJXx4,2025-08-21,Видео приглашение! Старт новой мини группы!,05:47,124,5,ru-orig,806,https://www.youtube.com/watch?v=zTCL-jyJXx4,transcripts/2025-08-21_zTCL-jyJXx4_video-priglashenie-start-novoy-mini-gruppy.txt
gbEzL0CQHPs,2025-08-26,Разбор шорта на Br от 26 Августа,08:18,267,16,ru-orig,1269,https://www.youtube.com/watch?v=gbEzL0CQHPs,transcripts/2025-08-26_gbEzL0CQHPs_razbor-shorta-na-br-ot-26-avgusta.txt
nhDPAawYeJc,2025-08-31,Вырезка из курса Кластерный анализ  Разбор шорта на BTCUSDT от 22 Августа,13:24,354,13,ru-orig,1860,https://www.youtube.com/watch?v=nhDPAawYeJc,transcripts/2025-08-31_nhDPAawYeJc_vyrezka-iz-kursa-klasternyy-analiz-razbor-shorta-na-btcusdt.txt
l32bP5mQNkc,2025-09-04,Разбор шорта на Br от 03 Сентября,13:49,278,14,ru-orig,1956,https://www.youtube.com/watch?v=l32bP5mQNkc,transcripts/2025-09-04_l32bP5mQNkc_razbor-shorta-na-br-ot-03-sentyabrya.txt
AjItr2Z1gQU,2025-09-11,Вырезка из курса Кластерный анализ  Разбор лонга на BTCUSDT от 10 Сентября,24:15,453,16,ru-orig,3514,https://www.youtube.com/watch?v=AjItr2Z1gQU,transcripts/2025-09-11_AjItr2Z1gQU_vyrezka-iz-kursa-klasternyy-analiz-razbor-longa-na-btcusdt-o.txt
burF-acJ8fo,2025-09-16,Разбор шорта на Cr от 15 Сентября,10:54,192,12,ru-orig,1588,https://www.youtube.com/watch?v=burF-acJ8fo,transcripts/2025-09-16_burF-acJ8fo_razbor-shorta-na-cr-ot-15-sentyabrya.txt
FPJJDiFvjbo,2025-09-22,Разбор шорта на NG от 22 Сентября,12:07,313,16,ru-orig,1745,https://www.youtube.com/watch?v=FPJJDiFvjbo,transcripts/2025-09-22_FPJJDiFvjbo_razbor-shorta-na-ng-ot-22-sentyabrya.txt
VbHmU--J_eQ,2025-09-30,Разбор шорта на CR CNY от 30 Сентября,08:31,320,18,ru-orig,1237,https://www.youtube.com/watch?v=VbHmU--J_eQ,transcripts/2025-09-30_VbHmU--J_eQ_razbor-shorta-na-cr-cny-ot-30-sentyabrya.txt
sg1cmXYuXe8,2025-11-28,Разбор шорта на Cr от 28 ноября,09:29,475,23,ru-orig,1312,https://www.youtube.com/watch?v=sg1cmXYuXe8,transcripts/2025-11-28_sg1cmXYuXe8_razbor-shorta-na-cr-ot-28-noyabrya.txt
nhDgt3nqp80,2025-12-28,Кластерный анализ. Практика применения. Наставничество в мини группах. Пример #13ч1,21:44,449,23,ru-orig,3302,https://www.youtube.com/watch?v=nhDgt3nqp80,transcripts/2025-12-28_nhDgt3nqp80_klasternyy-analiz-praktika-primeneniya-nastavnichestvo-v-min.txt
0KvaaBuRzPU,2026-01-11,Кластерный анализ. Практика применения. Наставничество в мини группах. Пример #13ч2,10:02,316,13,ru-orig,1614,https://www.youtube.com/watch?v=0KvaaBuRzPU,transcripts/2026-01-11_0KvaaBuRzPU_klasternyy-analiz-praktika-primeneniya-nastavnichestvo-v-min.txt
w5eTSWJ4DEs,2026-01-20,Разбор лонга на Ng от 20 января,09:19,260,13,ru-orig,1309,https://www.youtube.com/watch?v=w5eTSWJ4DEs,transcripts/2026-01-20_w5eTSWJ4DEs_razbor-longa-na-ng-ot-20-yanvarya.txt
zL29BaVpTu0,2026-01-29,Разбор лонга на Ri от 29 января,10:23,314,18,ru-orig,1414,https://www.youtube.com/watch?v=zL29BaVpTu0,transcripts/2026-01-29_zL29BaVpTu0_razbor-longa-na-ri-ot-29-yanvarya.txt
UOAlcXNBltM,2026-02-09,Методика определения приоритета направления для сделки. Теория,20:39,1156,61,ru-orig,2730,https://www.youtube.com/watch?v=UOAlcXNBltM,transcripts/2026-02-09_UOAlcXNBltM_metodika-opredeleniya-prioriteta-napravleniya-dlya-sdelki-te.txt
dc4wKXLglG0,2026-02-15,Методика определения приоритета направления для сделки. Практика#1,30:43,877,33,ru-orig,4353,https://www.youtube.com/watch?v=dc4wKXLglG0,transcripts/2026-02-15_dc4wKXLglG0_metodika-opredeleniya-prioriteta-napravleniya-dlya-sdelki-pr.txt
S9Ox0TV1E7w,2026-02-17,Разбор шорта на Cr от 17 февраля,09:21,287,34,ru-orig,1335,https://www.youtube.com/watch?v=S9Ox0TV1E7w,transcripts/2026-02-17_S9Ox0TV1E7w_razbor-shorta-na-cr-ot-17-fevralya.txt
TxOPdrPNPvk,2026-03-03,Разбор лонга на Ng от 3 марта,11:44,257,13,ru-orig,1659,https://www.youtube.com/watch?v=TxOPdrPNPvk,transcripts/2026-03-03_TxOPdrPNPvk_razbor-longa-na-ng-ot-3-marta.txt
O_3bZ-iD8lA,2026-03-16,Разбор лонга на Cr от 16 марта,09:05,223,17,ru-orig,1254,https://www.youtube.com/watch?v=O_3bZ-iD8lA,transcripts/2026-03-16_O_3bZ-iD8lA_razbor-longa-na-cr-ot-16-marta.txt
jIe-T4J7L9g,2026-04-14,Разбор шорта на Br нефть от 14 апреля,12:01,280,18,ru-orig,1598,https://www.youtube.com/watch?v=jIe-T4J7L9g,transcripts/2026-04-14_jIe-T4J7L9g_razbor-shorta-na-br-neft-ot-14-aprelya.txt
2bZgXAiIhQw,2026-05-21,Разбор шорта на Cr от 21 мая,12:02,250,14,ru-orig,1603,https://www.youtube.com/watch?v=2bZgXAiIhQw,transcripts/2026-05-21_2bZgXAiIhQw_razbor-shorta-na-cr-ot-21-maya.txt
JSUVWnBix9I,2026-06-02,Разбор лонга на Cr от 02 июня,08:28,170,16,ru-orig,1161,https://www.youtube.com/watch?v=JSUVWnBix9I,transcripts/2026-06-02_JSUVWnBix9I_razbor-longa-na-cr-ot-02-iyunya.txt
jqezHAdcO7w,2026-06-10,Разбор шорта на Ri от 10 июня,12:38,192,11,ru-orig,1768,https://www.youtube.com/watch?v=jqezHAdcO7w,transcripts/2026-06-10_jqezHAdcO7w_razbor-shorta-na-ri-ot-10-iyunya.txt
UorQBnvE5J0,2026-06-18,Урок №14: Как улучшить свою торговую стратегию за счет кластерного анализа?,16:01,452,39,ru-orig,2164,https://www.youtube.com/watch?v=UorQBnvE5J0,transcripts/2026-06-18_UorQBnvE5J0_urok-14-kak-uluchshit-svoyu-torgovuyu-strategiyu-za-schet-kl.txt
tFXyEpVbEho,2026-06-25,Разбор шорта на Ri от 25 июня,04:25,196,12,ru-orig,616,https://www.youtube.com/watch?v=tFXyEpVbEho,transcripts/2026-06-25_tFXyEpVbEho_razbor-shorta-na-ri-ot-25-iyunya.txt
PV0XQoclCVA,2026-06-30,Разбор лонга на Ng от 30 июня,09:58,179,17,ru-orig,1310,https://www.youtube.com/watch?v=PV0XQoclCVA,transcripts/2026-06-30_PV0XQoclCVA_razbor-longa-na-ng-ot-30-iyunya.txt
-XdMrKQqpB0,2026-07-02,Вырезка из курса Кластерный анализ 02 07 2026,14:12,349,21,ru-orig,2049,https://www.youtube.com/watch?v=-XdMrKQqpB0,transcripts/2026-07-02_-XdMrKQqpB0_vyrezka-iz-kursa-klasternyy-analiz-02-07-2026.txt
y0hW_IgQVkE,2026-07-14,Разбор лонга на Br от 14 июля,06:35,197,19,ru-orig,958,https://www.youtube.com/watch?v=y0hW_IgQVkE,transcripts/2026-07-14_y0hW_IgQVkE_razbor-longa-na-br-ot-14-iyulya.txt
7sYI11BTO6Y,2026-07-16,Кластерный анализ. Практика применения. Наставничество в мини группах. Пример #14,15:56,245,7,ru-orig,1768,https://www.youtube.com/watch?v=7sYI11BTO6Y,transcripts/2026-07-16_7sYI11BTO6Y_klasternyy-analiz-praktika-primeneniya-nastavnichestvo-v-min.txt
tgEF_NJJb6Q,2026-08-17,Разбор лонга на Cr от 17 августа,08:19,145,12,ru-orig,1073,https://www.youtube.com/watch?v=tgEF_NJJb6Q,transcripts/2026-08-17_tgEF_NJJb6Q_razbor-longa-na-cr-ot-17-avgusta.txt
